#HIERARCHY,CODE SCHEME,STANDARD IDENTITY,BATTLE DIMENSION,STATUS,FUNCTION ID,SIZE/MOBILITY,COUNTRY CODE,ORDER OF BATTLE,DESCRIPTION
WAR,S,-,-,-,------,**,**,*,WARFIGHTINGSYMBOLS
WAR.SPC,S,*,P,*,------,**,**,*,SPACETRACK
WAR.SPC.SAT,S,*,P,*,S-----,**,**,*,SATELLITE
WAR.SPC.CSV,S,*,P,*,V-----,**,**,*,CREWEDSPACEVEHICLE
WAR.SPC.SST,S,*,P,*,T-----,**,**,*,SPACESTATION
WAR.SPC.SLV,S,*,P,*,L-----,**,**,*,SPACELAUNCHVEHICLE
WAR.AIRTRK,S,*,A,*,------,**,**,*,AIRTRACK
WAR.AIRTRK.MIL,S,*,A,*,M-----,**,**,*,MILITARY
WAR.AIRTRK.MIL.FIXD,S,*,A,*,MF----,**,**,*,FIXEDWING
WAR.AIRTRK.MIL.FIXD.BMB,S,*,A,*,MFB---,**,**,*,BOMBER
WAR.AIRTRK.MIL.FIXD.FTR,S,*,A,*,MFF---,**,**,*,FIGHTER
WAR.AIRTRK.MIL.FIXD.FTR.INCR,S,*,A,*,MFFI--,**,**,*,INTERCEPTOR
WAR.AIRTRK.MIL.FIXD.TNE,S,*,A,*,MFT---,**,**,*,TRAINER
WAR.AIRTRK.MIL.FIXD.ATK,S,*,A,*,MFA---,**,**,*,ATTACK/STRIKE
WAR.AIRTRK.MIL.FIXD.VSTOL,S,*,A,*,MFL---,**,**,*,V/STOL
WAR.AIRTRK.MIL.FIXD.TNK,S,*,A,*,MFK---,**,**,*,TANKER
WAR.AIRTRK.MIL.FIXD.TNK.BOOM,S,*,A,*,MFKB--,**,**,*,TANKERBOOM-ONLY
WAR.AIRTRK.MIL.FIXD.TNK.DROG,S,*,A,*,MFKD--,**,**,*,TANKERDROGUE-ONLY
WAR.AIRTRK.MIL.FIXD.CGOALT,S,*,A,*,MFC---,**,**,*,CARGOAIRLIFT(TRANSPORT)
WAR.AIRTRK.MIL.FIXD.CGOALT.LIT,S,*,A,*,MFCL--,**,**,*,CARGOAIRLIFT(LIGHT)
WAR.AIRTRK.MIL.FIXD.CGOALT.MDM,S,*,A,*,MFCM--,**,**,*,CARGOAIRLIFT(MEDIUM)
WAR.AIRTRK.MIL.FIXD.CGOALT.HVY,S,*,A,*,MFCH--,**,**,*,CARGOAIRLIFT(HEAVY)
WAR.AIRTRK.MIL.FIXD.ECM,S,*,A,*,MFJ---,**,**,*,ELECTRONICCOUNTERMEASURES(ECM/JAMMER)
WAR.AIRTRK.MIL.FIXD.MEDV,S,*,A,*,MFO---,**,**,*,MEDICALEVACUATION(MEDEVAC)
WAR.AIRTRK.MIL.FIXD.RECON,S,*,A,*,MFR---,**,**,*,RECONNAISSANCE
WAR.AIRTRK.MIL.FIXD.RECON.ABNEW,S,*,A,*,MFRW--,**,**,*,AIRBORNEEARLYWARNING(AEW)
WAR.AIRTRK.MIL.FIXD.RECON.ESM,S,*,A,*,MFRZ--,**,**,*,ELECTRONICSURVEILLANCEMEASURES
WAR.AIRTRK.MIL.FIXD.RECON.PHG,S,*,A,*,MFRX--,**,**,*,PHOTOGRAPHIC
WAR.AIRTRK.MIL.FIXD.PAT,S,*,A,*,MFP---,**,**,*,PATROL
WAR.AIRTRK.MIL.FIXD.PAT.ASUW,S,*,A,*,MFPN--,**,**,*,ANTISURFACEWARFARE(ASUW)
WAR.AIRTRK.MIL.FIXD.PAT.MNECM,S,*,A,*,MFPM--,**,**,*,MINECOUNTERMEASURES
WAR.AIRTRK.MIL.FIXD.UTY,S,*,A,*,MFU---,**,**,*,UTILITY
WAR.AIRTRK.MIL.FIXD.UTY.LIT,S,*,A,*,MFUL--,**,**,*,UTILITY(LIGHT)
WAR.AIRTRK.MIL.FIXD.UTY.MDM,S,*,A,*,MFUM--,**,**,*,UTILITY(MEDIUM)
WAR.AIRTRK.MIL.FIXD.UTY.HVY,S,*,A,*,MFUH--,**,**,*,UTILITY(HEAVY)
WAR.AIRTRK.MIL.FIXD.COMM,S,*,A,*,MFY---,**,**,*,COMMUNICATIONS
WAR.AIRTRK.MIL.FIXD.CSAR,S,*,A,*,MFH---,**,**,*,COMBATSEARCHANDRESCUE(CSAR)
WAR.AIRTRK.MIL.FIXD.ABNCP,S,*,A,*,MFD---,**,**,*,AIRBORNECOMMANDPOST(C2)
WAR.AIRTRK.MIL.FIXD.DRN,S,*,A,*,MFQ---,**,**,*,DRONE(RPV/UA)
WAR.AIRTRK.MIL.FIXD.DRN.ATK,S,*,A,*,MFQA--,**,**,*,ATTACK
WAR.AIRTRK.MIL.FIXD.DRN.BMB,S,*,A,*,MFQB--,**,**,*,BOMBER
WAR.AIRTRK.MIL.FIXD.DRN.CGO,S,*,A,*,MFQC--,**,**,*,CARGO
WAR.AIRTRK.MIL.FIXD.DRN.ABNCP,S,*,A,*,MFQD--,**,**,*,AIRBORNECOMMANDPOST
WAR.AIRTRK.MIL.FIXD.DRN.FTR,S,*,A,*,MFQF--,**,**,*,FIGHTER
WAR.AIRTRK.MIL.FIXD.DRN.CSAR,S,*,A,*,MFQH--,**,**,*,SEARCH&RESCUE(CSAR)
WAR.AIRTRK.MIL.FIXD.DRN.ECM,S,*,A,*,MFQJ--,**,**,*,ELECTRONICCOUNTERMEASURES(JAMMER)
WAR.AIRTRK.MIL.FIXD.DRN.TNK,S,*,A,*,MFQK--,**,**,*,TANKER
WAR.AIRTRK.MIL.FIXD.DRN.VSTOL,S,*,A,*,MFQL--,**,**,*,V/STOL
WAR.AIRTRK.MIL.FIXD.DRN.SOF,S,*,A,*,MFQM--,**,**,*,SPECIALOPERATIONSFORCES(SOF)
WAR.AIRTRK.MIL.FIXD.DRN.MNECM,S,*,A,*,MFQI--,**,**,*,MINECOUNTERMEASURES
WAR.AIRTRK.MIL.FIXD.DRN.ASUW,S,*,A,*,MFQN--,**,**,*,ANTISURFACEWARFARE(ASUW)
WAR.AIRTRK.MIL.FIXD.DRN.PAT,S,*,A,*,MFQP--,**,**,*,PATROL
WAR.AIRTRK.MIL.FIXD.DRN.RECON,S,*,A,*,MFQR--,**,**,*,RECONNAISSANCE
WAR.AIRTRK.MIL.FIXD.DRN.RECON.ABNEW,S,*,A,*,MFQRW-,**,**,*,AIRBORNEEARLYWARNING(AEW)
WAR.AIRTRK.MIL.FIXD.DRN.RECON.ESM,S,*,A,*,MFQRZ-,**,**,*,ELECTRONICSURVEILLANCEMEASURES
WAR.AIRTRK.MIL.FIXD.DRN.RECON.PHG,S,*,A,*,MFQRX-,**,**,*,PHOTOGRAPHIC
WAR.AIRTRK.MIL.FIXD.DRN.ASBW,S,*,A,*,MFQS--,**,**,*,ANTISUBMARINEWARFARE(ASW)
WAR.AIRTRK.MIL.FIXD.DRN.TNE,S,*,A,*,MFQT--,**,**,*,TRAINER
WAR.AIRTRK.MIL.FIXD.DRN.UTY,S,*,A,*,MFQU--,**,**,*,UTILITY
WAR.AIRTRK.MIL.FIXD.DRN.COMM,S,*,A,*,MFQY--,**,**,*,COMMUNICATIONS
WAR.AIRTRK.MIL.FIXD.DRN.MEDV,S,*,A,*,MFQO--,**,**,*,MEDEVAC
WAR.AIRTRK.MIL.FIXD.ASBWCB,S,*,A,*,MFS---,**,**,*,ANTISUBMARINEWARFARE(ASW)CARRIERBASED
WAR.AIRTRK.MIL.FIXD.SOF,S,*,A,*,MFM---,**,**,*,SPECIALOPERATIONSFORCES(SOF)
WAR.AIRTRK.MIL.ROT,S,*,A,*,MH----,**,**,*,ROTARYWING
WAR.AIRTRK.MIL.ROT.ATK,S,*,A,*,MHA---,**,**,*,ATTACK
WAR.AIRTRK.MIL.ROT.ASBW,S,*,A,*,MHS---,**,**,*,ANTISUBMARINEWARFARE/MPA
WAR.AIRTRK.MIL.ROT.UTY,S,*,A,*,MHU---,**,**,*,UTILITY
WAR.AIRTRK.MIL.ROT.UTY.LIT,S,*,A,*,MHUL--,**,**,*,UTILITY(LIGHT)
WAR.AIRTRK.MIL.ROT.UTY.MDM,S,*,A,*,MHUM--,**,**,*,UTILITY(MEDIUM)
WAR.AIRTRK.MIL.ROT.UTY.HVY,S,*,A,*,MHUH--,**,**,*,UTILITY(HEAVY)
WAR.AIRTRK.MIL.ROT.MNECM,S,*,A,*,MHI---,**,**,*,MINECOUNTERMEASURES
WAR.AIRTRK.MIL.ROT.CSAR,S,*,A,*,MHH---,**,**,*,COMBATSEARCHANDRESCUE(CSAR)
WAR.AIRTRK.MIL.ROT.RECON,S,*,A,*,MHR---,**,**,*,RECONNAISSANCE
WAR.AIRTRK.MIL.ROT.DRN,S,*,A,*,MHQ---,**,**,*,DRONE(RPV/UA)
WAR.AIRTRK.MIL.ROT.CGOALT,S,*,A,*,MHC---,**,**,*,CARGOAIRLIFT(TRANSPORT)
WAR.AIRTRK.MIL.ROT.CGOALT.LIT,S,*,A,*,MHCL--,**,**,*,CARGOAIRLIFT(LIGHT)
WAR.AIRTRK.MIL.ROT.CGOALT.MDM,S,*,A,*,MHCM--,**,**,*,CARGOAIRLIFT(MEDIUM)
WAR.AIRTRK.MIL.ROT.CGOALT.HVY,S,*,A,*,MHCH--,**,**,*,CARGOAIRLIFT(HEAVY)
WAR.AIRTRK.MIL.ROT.TNE,S,*,A,*,MHT---,**,**,*,TRAINER
WAR.AIRTRK.MIL.ROT.MEDV,S,*,A,*,MHO---,**,**,*,MEDEVAC
WAR.AIRTRK.MIL.ROT.SOF,S,*,A,*,MHM---,**,**,*,SPECIALOPERATIONSFORCES(SOF)
WAR.AIRTRK.MIL.ROT.ABNCP,S,*,A,*,MHD---,**,**,*,AIRBORNECOMMANDPOST(C2)
WAR.AIRTRK.MIL.ROT.TNK,S,*,A,*,MHK---,**,**,*,TANKER
WAR.AIRTRK.MIL.ROT.ECM,S,*,A,*,MHJ---,**,**,*,ELECTRONICCOUNTERMEASURES(ECM/JAMMER)
WAR.AIRTRK.MIL.LTA,S,*,A,*,ML----,**,**,*,LIGHTERTHANAIR
WAR.AIRTRK.MIL.VIP,S,*,A,*,MV----,**,**,*,VERYIMPORTANTPERSON(VIP)
WAR.AIRTRK.MIL.ESCORT,S,*,A,*,ME----,**,**,*,ESCORT
WAR.AIRTRK.WPN,S,*,A,*,W-----,**,**,*,WEAPON
WAR.AIRTRK.WPN.MSLIF,S,*,A,*,WM----,**,**,*,MISSILEINFLIGHT
WAR.AIRTRK.WPN.MSLIF.SLM,S,*,A,*,WMS---,**,**,*,SURFACELAUNCHEDMISSILE
WAR.AIRTRK.WPN.MSLIF.SLM.SSM,S,*,A,*,WMSS--,**,**,*,SURFACE-TO-SURFACEMISSILE(SSM)
WAR.AIRTRK.WPN.MSLIF.SLM.SAM,S,*,A,*,WMSA--,**,**,*,SURFACE-TO-AIRMISSILE(SAM)
WAR.AIRTRK.WPN.MSLIF.SLM.SSUM,S,*,A,*,WMSU--,**,**,*,SURFACE-TO-SUBSURFACEMISSILE
WAR.AIRTRK.WPN.MSLIF.SLM.ABM,S,*,A,*,WMSB--,**,**,*,ANTIBALLISTICMISSILE(ABM)
WAR.AIRTRK.WPN.MSLIF.ALM,S,*,A,*,WMA---,**,**,*,AIRLAUNCHEDMISSILE
WAR.AIRTRK.WPN.MSLIF.ALM.ASM,S,*,A,*,WMAS--,**,**,*,AIR-TO-SURFACEMISSILE(ASM)
WAR.AIRTRK.WPN.MSLIF.ALM.AAM,S,*,A,*,WMAA--,**,**,*,AIR-TO-AIRMISSILE(AAM)
WAR.AIRTRK.WPN.MSLIF.ALM.ASPC,S,*,A,*,WMAP--,**,**,*,AIR-TO-SPACEMISSILE
WAR.AIRTRK.WPN.MSLIF.SBSM,S,*,A,*,WMU---,**,**,*,SUBSURFACE-TO-SURFACEMISSILE(S/SSM)
WAR.AIRTRK.WPN.MSLIF.CM,S,*,A,*,WMCM--,**,**,*,CRUISEMISSILE
WAR.AIRTRK.WPN.MSLIF.BLST,S,*,A,*,WMB---,**,**,*,BALLISTICMISSILE
WAR.AIRTRK.WPN.BM,S,*,A,*,WB----,**,**,*,BOMB
WAR.AIRTRK.WPN.DCY,S,*,A,*,WD----,**,**,*,DECOY
WAR.AIRTRK.CVL,S,*,A,*,C-----,**,**,*,CIVILAIRCRAFT
WAR.AIRTRK.CVL.FIXD,S,*,A,*,CF----,**,**,*,FIXEDWING
WAR.AIRTRK.CVL.ROT,S,*,A,*,CH----,**,**,*,ROTARYWING
WAR.AIRTRK.CVL.LTA,S,*,A,*,CL----,**,**,*,LIGHTERTHANAIR
WAR.GRDTRK,S,*,G,*,------,**,**,*,GROUNDTRACK
WAR.GRDTRK.UNT,S,*,G,*,U-----,**,**,*,UNIT
WAR.GRDTRK.UNT.CBT,S,*,G,*,UC----,**,**,*,COMBAT
WAR.GRDTRK.UNT.CBT.ADF,S,*,G,*,UCD---,**,**,*,AIRDEFENSE
WAR.GRDTRK.UNT.CBT.ADF.SHTR,S,*,G,*,UCDS--,**,**,*,SHORTRANGE
WAR.GRDTRK.UNT.CBT.ADF.SHTR.CPL,S,*,G,*,UCDSC-,**,**,*,CHAPARRAL
WAR.GRDTRK.UNT.CBT.ADF.SHTR.STG,S,*,G,*,UCDSS-,**,**,*,STINGER
WAR.GRDTRK.UNT.CBT.ADF.SHTR.VUL,S,*,G,*,UCDSV-,**,**,*,VULCAN
WAR.GRDTRK.UNT.CBT.ADF.MSL,S,*,G,*,UCDM--,**,**,*,AIRDEFENSEMISSILE
WAR.GRDTRK.UNT.CBT.ADF.MSL.LIT,S,*,G,*,UCDML-,**,**,*,AIRDEFENSEMISSILELIGHT
WAR.GRDTRK.UNT.CBT.ADF.MSL.LIT.MOT,S,*,G,*,UCDMLA,**,**,*,AIRDEFENSEMISSILEMOTORIZED(AVENGER)
WAR.GRDTRK.UNT.CBT.ADF.MSL.MDM,S,*,G,*,UCDMM-,**,**,*,AIRDEFENSEMISSILEMEDIUM
WAR.GRDTRK.UNT.CBT.ADF.MSL.HVY,S,*,G,*,UCDMH-,**,**,*,AIRDEFENSEMISSILEHEAVY
WAR.GRDTRK.UNT.CBT.ADF.MSL.HMAD,S,*,G,*,UCDH--,**,**,*,H/MAD
WAR.GRDTRK.UNT.CBT.ADF.MSL.HMAD.HWK,S,*,G,*,UCDHH-,**,**,*,HAWK
WAR.GRDTRK.UNT.CBT.ADF.MSL.HMAD.PATT,S,*,G,*,UCDHP-,**,**,*,PATRIOT
WAR.GRDTRK.UNT.CBT.ADF.GUNUNT,S,*,G,*,UCDG--,**,**,*,GUNUNIT
WAR.GRDTRK.UNT.CBT.ADF.CMPS,S,*,G,*,UCDC--,**,**,*,COMPOSITE
WAR.GRDTRK.UNT.CBT.ADF.TGTGUT,S,*,G,*,UCDT--,**,**,*,TARGETINGUNIT
WAR.GRDTRK.UNT.CBT.ADF.TMDU,S,*,G,*,UCDO--,**,**,*,THEATERMISSILEDEFENSEUNIT
WAR.GRDTRK.UNT.CBT.ARM,S,*,G,*,UCA---,**,**,*,ARMOR
WAR.GRDTRK.UNT.CBT.ARM.TRK,S,*,G,*,UCAT--,**,**,*,ARMORTRACK
WAR.GRDTRK.UNT.CBT.ARM.TRK.ABN,S,*,G,*,UCATA-,**,**,*,ARMORTRACKAIRBORNE
WAR.GRDTRK.UNT.CBT.ARM.TRK.AMP,S,*,G,*,UCATW-,**,**,*,ARMORTRACKAMPHIBIOUS
WAR.GRDTRK.UNT.CBT.ARM.TRK.AMP.RCY,S,*,G,*,UCATWR,**,**,*,ARMORTRACKAMPHIBIOUSRECOVERY
WAR.GRDTRK.UNT.CBT.ARM.TRK.LIT,S,*,G,*,UCATL-,**,**,*,ARMORTRACK,LIGHT
WAR.GRDTRK.UNT.CBT.ARM.TRK.MDM,S,*,G,*,UCATM-,**,**,*,ARMORTRACK,MEDIUM
WAR.GRDTRK.UNT.CBT.ARM.TRK.HVY,S,*,G,*,UCATH-,**,**,*,ARMORTRACK,HEAVY
WAR.GRDTRK.UNT.CBT.ARM.TRK.RCY,S,*,G,*,UCATR-,**,**,*,ARMORTRACK,RECOVERY
WAR.GRDTRK.UNT.CBT.ARM.WHD,S,*,G,*,UCAW--,**,**,*,ARMOR,WHEELED
WAR.GRDTRK.UNT.CBT.ARM.WHD.AAST,S,*,G,*,UCAWS-,**,**,*,ARMOR,WHEELEDAIRASSAULT
WAR.GRDTRK.UNT.CBT.ARM.WHD.ABN,S,*,G,*,UCAWA-,**,**,*,ARMOR,WHEELEDAIRBORNE
WAR.GRDTRK.UNT.CBT.ARM.WHD.AMP,S,*,G,*,UCAWW-,**,**,*,ARMOR,WHEELEDAMPHIBIOUS
WAR.GRDTRK.UNT.CBT.ARM.WHD.AMP.RCY,S,*,G,*,UCAWWR,**,**,*,ARMOR,WHEELEDAMPHIBIOUSRECOVERY
WAR.GRDTRK.UNT.CBT.ARM.WHD.LIT,S,*,G,*,UCAWL-,**,**,*,ARMOR,WHEELEDLIGHT
WAR.GRDTRK.UNT.CBT.ARM.WHD.MDM,S,*,G,*,UCAWM-,**,**,*,ARMOR,WHEELEDMEDIUM
WAR.GRDTRK.UNT.CBT.ARM.WHD.HVY,S,*,G,*,UCAWH-,**,**,*,ARMOR,WHEELEDHEAVY
WAR.GRDTRK.UNT.CBT.ARM.WHD.RCY,S,*,G,*,UCAWR-,**,**,*,ARMOR,WHEELEDRECOVERY
WAR.GRDTRK.UNT.CBT.AARM,S,*,G,*,UCAA--,**,**,*,ANTIARMOR
WAR.GRDTRK.UNT.CBT.AARM.DMD,S,*,G,*,UCAAD-,**,**,*,ANTIARMORDISMOUNTED
WAR.GRDTRK.UNT.CBT.AARM.LIT,S,*,G,*,UCAAL-,**,**,*,ANTIARMORLIGHT
WAR.GRDTRK.UNT.CBT.AARM.ABN,S,*,G,*,UCAAM-,**,**,*,ANTIARMORAIRBORNE
WAR.GRDTRK.UNT.CBT.AARM.AAST,S,*,G,*,UCAAS-,**,**,*,ANTIARMORAIRASSAULT
WAR.GRDTRK.UNT.CBT.AARM.MNT,S,*,G,*,UCAAU-,**,**,*,ANTIARMORMOUNTAIN
WAR.GRDTRK.UNT.CBT.AARM.ARC,S,*,G,*,UCAAC-,**,**,*,ANTIARMORARCTIC
WAR.GRDTRK.UNT.CBT.AARM.ARMD,S,*,G,*,UCAAA-,**,**,*,ANTIARMORARMORED
WAR.GRDTRK.UNT.CBT.AARM.ARMD.TKD,S,*,G,*,UCAAAT,**,**,*,ANTIARMORARMOREDTRACKED
WAR.GRDTRK.UNT.CBT.AARM.ARMD.WHD,S,*,G,*,UCAAAW,**,**,*,ANTIARMORARMOREDWHEELED
WAR.GRDTRK.UNT.CBT.AARM.ARMD.AAST,S,*,G,*,UCAAAS,**,**,*,ANTIARMORARMOREDAIRASSAULT
WAR.GRDTRK.UNT.CBT.AARM.MOT,S,*,G,*,UCAAO-,**,**,*,ANTIARMORMOTORIZED
WAR.GRDTRK.UNT.CBT.AARM.MOT.AAST,S,*,G,*,UCAAOS,**,**,*,ANTIARMORMOTORIZEDAIRASSAULT
WAR.GRDTRK.UNT.CBT.AVN,S,*,G,*,UCV---,**,**,*,AVIATION
WAR.GRDTRK.UNT.CBT.AVN.FIXD,S,*,G,*,UCVF--,**,**,*,FIXEDWING
WAR.GRDTRK.UNT.CBT.AVN.FIXD.UTY,S,*,G,*,UCVFU-,**,**,*,UTILITYFIXEDWING
WAR.GRDTRK.UNT.CBT.AVN.FIXD.ATK,S,*,G,*,UCVFA-,**,**,*,ATTACKFIXEDWING
WAR.GRDTRK.UNT.CBT.AVN.FIXD.RECON,S,*,G,*,UCVFR-,**,**,*,RECONFIXEDWING
WAR.GRDTRK.UNT.CBT.AVN.ROT,S,*,G,*,UCVR--,**,**,*,ROTARYWING
WAR.GRDTRK.UNT.CBT.AVN.ROT.ATK,S,*,G,*,UCVRA-,**,**,*,ATTACKROTARYWING
WAR.GRDTRK.UNT.CBT.AVN.ROT.SCUT,S,*,G,*,UCVRS-,**,**,*,SCOUTROTARYWING
WAR.GRDTRK.UNT.CBT.AVN.ROT.ASBW,S,*,G,*,UCVRW-,**,**,*,ANTISUBMARINEWARFAREROTARYWING
WAR.GRDTRK.UNT.CBT.AVN.ROT.UTY,S,*,G,*,UCVRU-,**,**,*,UTILITYROTARYWING
WAR.GRDTRK.UNT.CBT.AVN.ROT.UTY.LIT,S,*,G,*,UCVRUL,**,**,*,LIGHTUTILITYROTARYWING
WAR.GRDTRK.UNT.CBT.AVN.ROT.UTY.MDM,S,*,G,*,UCVRUM,**,**,*,MEDIUMUTILITYROTARYWING
WAR.GRDTRK.UNT.CBT.AVN.ROT.UTY.HVY,S,*,G,*,UCVRUH,**,**,*,HEAVYUTILITYROTARYWING
WAR.GRDTRK.UNT.CBT.AVN.ROT.C2,S,*,G,*,UCVRUC,**,**,*,C2ROTARYWING
WAR.GRDTRK.UNT.CBT.AVN.ROT.MEDV,S,*,G,*,UCVRUE,**,**,*,MEDEVACROTARYWING
WAR.GRDTRK.UNT.CBT.AVN.ROT.MNECM,S,*,G,*,UCVRM-,**,**,*,MINECOUNTERMEASUREROTARYWING
WAR.GRDTRK.UNT.CBT.AVN.SAR,S,*,G,*,UCVS--,**,**,*,SEARCHANDRESCUE
WAR.GRDTRK.UNT.CBT.AVN.CMPS,S,*,G,*,UCVC--,**,**,*,COMPOSITE
WAR.GRDTRK.UNT.CBT.AVN.VSTOL,S,*,G,*,UCVV--,**,**,*,VERTICALAND/ORSHORTTAKEOFFANDLANDINGAIRCRAFT(V/STOL)
WAR.GRDTRK.UNT.CBT.AVN.UA,S,*,G,*,UCVU--,**,**,*,UNMANNEDAIRCRAFT
WAR.GRDTRK.UNT.CBT.AVN.UA.FIXD,S,*,G,*,UCVUF-,**,**,*,UNMANNEDAIRCRAFTFIXEDWING
WAR.GRDTRK.UNT.CBT.AVN.UA.ROT,S,*,G,*,UCVUR-,**,**,*,UNMANNEDAIRCRAFTROTARYWING
WAR.GRDTRK.UNT.CBT.INF,S,*,G,*,UCI---,**,**,*,INFANTRY
WAR.GRDTRK.UNT.CBT.INF.LIT,S,*,G,*,UCIL--,**,**,*,INFANTRYLIGHT
WAR.GRDTRK.UNT.CBT.INF.MOT,S,*,G,*,UCIM--,**,**,*,INFANTRYMOTORIZED
WAR.GRDTRK.UNT.CBT.INF.MNT,S,*,G,*,UCIO--,**,**,*,INFANTRYMOUNTAIN
WAR.GRDTRK.UNT.CBT.INF.ABN,S,*,G,*,UCIA--,**,**,*,INFANTRYAIRBORNE
WAR.GRDTRK.UNT.CBT.INF.AAST,S,*,G,*,UCIS--,**,**,*,INFANTRYAIRASSAULT
WAR.GRDTRK.UNT.CBT.INF.MECH,S,*,G,*,UCIZ--,**,**,*,INFANTRYMECHANIZED
WAR.GRDTRK.UNT.CBT.INF.NAV,S,*,G,*,UCIN--,**,**,*,INFANTRYNAVAL
WAR.GRDTRK.UNT.CBT.INF.INFFV,S,*,G,*,UCII--,**,**,*,INFANTRYFIGHTINGVEHICLE
WAR.GRDTRK.UNT.CBT.INF.ARC,S,*,G,*,UCIC--,**,**,*,INFANTRYARCTIC
WAR.GRDTRK.UNT.CBT.ENG,S,*,G,*,UCE---,**,**,*,ENGINEER
WAR.GRDTRK.UNT.CBT.ENG.CBT,S,*,G,*,UCEC--,**,**,*,ENGINEERCOMBAT
WAR.GRDTRK.UNT.CBT.ENG.CBT.AAST,S,*,G,*,UCECS-,**,**,*,ENGINEERCOMBATAIRASSAULT
WAR.GRDTRK.UNT.CBT.ENG.CBT.ABN,S,*,G,*,UCECA-,**,**,*,ENGINEERCOMBATAIRBORNE
WAR.GRDTRK.UNT.CBT.ENG.CBT.ARC,S,*,G,*,UCECC-,**,**,*,ENGINEERCOMBATARCTIC
WAR.GRDTRK.UNT.CBT.ENG.CBT.LIT,S,*,G,*,UCECL-,**,**,*,ENGINEERCOMBATLIGHT(SAPPER)
WAR.GRDTRK.UNT.CBT.ENG.CBT.MDM,S,*,G,*,UCECM-,**,**,*,ENGINEERCOMBATMEDIUM
WAR.GRDTRK.UNT.CBT.ENG.CBT.HVY,S,*,G,*,UCECH-,**,**,*,ENGINEERCOMBATHEAVY
WAR.GRDTRK.UNT.CBT.ENG.CBT.MECH,S,*,G,*,UCECT-,**,**,*,ENGINEERCOMBATMECHANIZED(TRACK)
WAR.GRDTRK.UNT.CBT.ENG.CBT.MOT,S,*,G,*,UCECW-,**,**,*,ENGINEERCOMBATMOTORIZED
WAR.GRDTRK.UNT.CBT.ENG.CBT.MNT,S,*,G,*,UCECO-,**,**,*,ENGINEERCOMBATMOUNTAIN
WAR.GRDTRK.UNT.CBT.ENG.CBT.RECON,S,*,G,*,UCECR-,**,**,*,ENGINEERCOMBATRECON
WAR.GRDTRK.UNT.CBT.ENG.CSN,S,*,G,*,UCEN--,**,**,*,ENGINEERCONSTRUCTION
WAR.GRDTRK.UNT.CBT.ENG.CSN.NAV,S,*,G,*,UCENN-,**,**,*,ENGINEERNAVALCONSTRUCTION
WAR.GRDTRK.UNT.CBT.FLDART,S,*,G,*,UCF---,**,**,*,FIELDARTILLERY
WAR.GRDTRK.UNT.CBT.FLDART.HOW,S,*,G,*,UCFH--,**,**,*,HOWITZER/GUN
WAR.GRDTRK.UNT.CBT.FLDART.HOW.SPD,S,*,G,*,UCFHE-,**,**,*,SELF-PROPELLED
WAR.GRDTRK.UNT.CBT.FLDART.HOW.AAST,S,*,G,*,UCFHS-,**,**,*,AIRASSAULT
WAR.GRDTRK.UNT.CBT.FLDART.HOW.ABN,S,*,G,*,UCFHA-,**,**,*,AIRBORNE
WAR.GRDTRK.UNT.CBT.FLDART.HOW.ARC,S,*,G,*,UCFHC-,**,**,*,ARCTIC
WAR.GRDTRK.UNT.CBT.FLDART.HOW.MNT,S,*,G,*,UCFHO-,**,**,*,MOUNTAIN
WAR.GRDTRK.UNT.CBT.FLDART.HOW.LIT,S,*,G,*,UCFHL-,**,**,*,LIGHT
WAR.GRDTRK.UNT.CBT.FLDART.HOW.MDM,S,*,G,*,UCFHM-,**,**,*,MEDIUM
WAR.GRDTRK.UNT.CBT.FLDART.HOW.HVY,S,*,G,*,UCFHH-,**,**,*,HEAVY
WAR.GRDTRK.UNT.CBT.FLDART.HOW.AMP,S,*,G,*,UCFHX-,**,**,*,AMPHIBIOUS
WAR.GRDTRK.UNT.CBT.FLDART.ROC,S,*,G,*,UCFR--,**,**,*,ROCKET
WAR.GRDTRK.UNT.CBT.FLDART.ROC.SRL,S,*,G,*,UCFRS-,**,**,*,SINGLEROCKETLAUNCHER
WAR.GRDTRK.UNT.CBT.FLDART.ROC.SRL.SRSPD,S,*,G,*,UCFRSS,**,**,*,SINGLEROCKETSELF-PROPELLED
WAR.GRDTRK.UNT.CBT.FLDART.ROC.SRL.SRTRK,S,*,G,*,UCFRSR,**,**,*,SINGLEROCKETTRUCK
WAR.GRDTRK.UNT.CBT.FLDART.ROC.SRL.SRTOW,S,*,G,*,UCFRST,**,**,*,SINGLEROCKETTOWED
WAR.GRDTRK.UNT.CBT.FLDART.ROC.MRL,S,*,G,*,UCFRM-,**,**,*,MULTIPLEROCKETLAUNCHER
WAR.GRDTRK.UNT.CBT.FLDART.ROC.MRL.MRSPD,S,*,G,*,UCFRMS,**,**,*,MULTIPLEROCKETSELF-PROPELLED
WAR.GRDTRK.UNT.CBT.FLDART.ROC.MRL.MRTRK,S,*,G,*,UCFRMR,**,**,*,MULTIPLEROCKETTRUCK
WAR.GRDTRK.UNT.CBT.FLDART.ROC.MRL.MRTOW,S,*,G,*,UCFRMT,**,**,*,MULTIPLEROCKETTOWED
WAR.GRDTRK.UNT.CBT.FLDART.TGTAQ,S,*,G,*,UCFT--,**,**,*,TARGETACQUISITION
WAR.GRDTRK.UNT.CBT.FLDART.TGTAQ.RAD,S,*,G,*,UCFTR-,**,**,*,RADAR
WAR.GRDTRK.UNT.CBT.FLDART.TGTAQ.SND,S,*,G,*,UCFTS-,**,**,*,SOUND
WAR.GRDTRK.UNT.CBT.FLDART.TGTAQ.FLH,S,*,G,*,UCFTF-,**,**,*,FLASH(OPTICAL)
WAR.GRDTRK.UNT.CBT.FLDART.TGTAQ.CLT,S,*,G,*,UCFTC-,**,**,*,COLT/FIST
WAR.GRDTRK.UNT.CBT.FLDART.TGTAQ.CLT.DMD,S,*,G,*,UCFTCD,**,**,*,DISMOUNTEDCOLT/FIST
WAR.GRDTRK.UNT.CBT.FLDART.TGTAQ.CLT.TKD,S,*,G,*,UCFTCM,**,**,*,TRACKEDCOLT/FIST
WAR.GRDTRK.UNT.CBT.FLDART.TGTAQ.ANG,S,*,G,*,UCFTA-,**,**,*,ANGLICO
WAR.GRDTRK.UNT.CBT.FLDART.MORT,S,*,G,*,UCFM--,**,**,*,MORTAR
WAR.GRDTRK.UNT.CBT.FLDART.MORT.SPDTRK,S,*,G,*,UCFMS-,**,**,*,SELF-PROPELLED(SP)TRACKEDMORTAR
WAR.GRDTRK.UNT.CBT.FLDART.MORT.SPDWHD,S,*,G,*,UCFMW-,**,**,*,SPWHEELEDMORTAR
WAR.GRDTRK.UNT.CBT.FLDART.MORT.TOW,S,*,G,*,UCFMT-,**,**,*,TOWEDMORTAR
WAR.GRDTRK.UNT.CBT.FLDART.MORT.TOW.ABN,S,*,G,*,UCFMTA,**,**,*,TOWEDAIRBORNEMORTAR
WAR.GRDTRK.UNT.CBT.FLDART.MORT.TOW.AAST,S,*,G,*,UCFMTS,**,**,*,TOWEDAIRASSAULTMORTAR
WAR.GRDTRK.UNT.CBT.FLDART.MORT.TOW.ARC,S,*,G,*,UCFMTC,**,**,*,TOWEDARCTICMORTAR
WAR.GRDTRK.UNT.CBT.FLDART.MORT.TOW.MNT,S,*,G,*,UCFMTO,**,**,*,TOWEDMOUNTAINMORTAR
WAR.GRDTRK.UNT.CBT.FLDART.MORT.AMP,S,*,G,*,UCFML-,**,**,*,AMPHIBIOUSMORTAR
WAR.GRDTRK.UNT.CBT.FLDART.ARTSVY,S,*,G,*,UCFS--,**,**,*,ARTILLERYSURVEY
WAR.GRDTRK.UNT.CBT.FLDART.ARTSVY.AAST,S,*,G,*,UCFSS-,**,**,*,AIRASSAULT
WAR.GRDTRK.UNT.CBT.FLDART.ARTSVY.ABN,S,*,G,*,UCFSA-,**,**,*,AIRBORNE
WAR.GRDTRK.UNT.CBT.FLDART.ARTSVY.LIT,S,*,G,*,UCFSL-,**,**,*,LIGHT
WAR.GRDTRK.UNT.CBT.FLDART.ARTSVY.MNT,S,*,G,*,UCFSO-,**,**,*,MOUNTAIN
WAR.GRDTRK.UNT.CBT.FLDART.METO,S,*,G,*,UCFO--,**,**,*,METEOROLOGICAL
WAR.GRDTRK.UNT.CBT.FLDART.METO.AAST,S,*,G,*,UCFOS-,**,**,*,AIRASSAULTMETEOROLOGICAL
WAR.GRDTRK.UNT.CBT.FLDART.METO.ABN,S,*,G,*,UCFOA-,**,**,*,AIRBORNEMETEOROLOGICAL
WAR.GRDTRK.UNT.CBT.FLDART.METO.LIT,S,*,G,*,UCFOL-,**,**,*,LIGHTMETEOROLOGICAL
WAR.GRDTRK.UNT.CBT.FLDART.METO.MNT,S,*,G,*,UCFOO-,**,**,*,MOUNTAINMETEOROLOGICAL
WAR.GRDTRK.UNT.CBT.RECON,S,*,G,*,UCR---,**,**,*,RECONNAISSANCE
WAR.GRDTRK.UNT.CBT.RECON.HRE,S,*,G,*,UCRH--,**,**,*,RECONNAISSANCEHORSE
WAR.GRDTRK.UNT.CBT.RECON.CVY,S,*,G,*,UCRV--,**,**,*,RECONNAISSANCECAVALRY
WAR.GRDTRK.UNT.CBT.RECON.CVY.ARMD,S,*,G,*,UCRVA-,**,**,*,RECONNAISSANCECAVALRYARMORED
WAR.GRDTRK.UNT.CBT.RECON.CVY.MOT,S,*,G,*,UCRVM-,**,**,*,RECONNAISSANCECAVALRYMOTORIZED
WAR.GRDTRK.UNT.CBT.RECON.CVY.GRD,S,*,G,*,UCRVG-,**,**,*,RECONNAISSANCECAVALRYGROUND
WAR.GRDTRK.UNT.CBT.RECON.CVY.AIR,S,*,G,*,UCRVO-,**,**,*,RECONNAISSANCECAVALRYAIR
WAR.GRDTRK.UNT.CBT.RECON.ARC,S,*,G,*,UCRC--,**,**,*,RECONNAISSANCEARCTIC
WAR.GRDTRK.UNT.CBT.RECON.AAST,S,*,G,*,UCRS--,**,**,*,RECONNAISSANCEAIRASSAULT
WAR.GRDTRK.UNT.CBT.RECON.ABN,S,*,G,*,UCRA--,**,**,*,RECONNAISSANCEAIRBORNE
WAR.GRDTRK.UNT.CBT.RECON.MNT,S,*,G,*,UCRO--,**,**,*,RECONNAISSANCEMOUNTAIN
WAR.GRDTRK.UNT.CBT.RECON.LIT,S,*,G,*,UCRL--,**,**,*,RECONNAISSANCELIGHT
WAR.GRDTRK.UNT.CBT.RECON.MAR,S,*,G,*,UCRR--,**,**,*,RECONNAISSANCEMARINE
WAR.GRDTRK.UNT.CBT.RECON.MAR.DIV,S,*,G,*,UCRRD-,**,**,*,RECONNAISSANCEMARINEDIVISION
WAR.GRDTRK.UNT.CBT.RECON.MAR.FOR,S,*,G,*,UCRRF-,**,**,*,RECONNAISSANCEMARINEFORCE
WAR.GRDTRK.UNT.CBT.RECON.MAR.LAR,S,*,G,*,UCRRL-,**,**,*,RECONNAISSANCEMARINELIGHTARMOREDRECONNAISSNACE(LAR)
WAR.GRDTRK.UNT.CBT.RECON.LRS,S,*,G,*,UCRX--,**,**,*,RECONNAISSANCELONGRANGESURVEILLANCE(LRS)
WAR.GRDTRK.UNT.CBT.MSL,S,*,G,*,UCM---,**,**,*,MISSILE(SURF-SURF)
WAR.GRDTRK.UNT.CBT.MSL.TAC,S,*,G,*,UCMT--,**,**,*,MISSILE(SURF-SURF)TACTICAL
WAR.GRDTRK.UNT.CBT.MSL.STGC,S,*,G,*,UCMS--,**,**,*,MISSILE(SURF-SURF)STRATEGIC
WAR.GRDTRK.UNT.CBT.ISF,S,*,G,*,UCS---,**,**,*,INTERNALSECURITYFORCES
WAR.GRDTRK.UNT.CBT.ISF.RIV,S,*,G,*,UCSW--,**,**,*,RIVERINE
WAR.GRDTRK.UNT.CBT.ISF.GRD,S,*,G,*,UCSG--,**,**,*,GROUND
WAR.GRDTRK.UNT.CBT.ISF.GRD.DMD,S,*,G,*,UCSGD-,**,**,*,DISMOUNTEDGROUND
WAR.GRDTRK.UNT.CBT.ISF.GRD.MOT,S,*,G,*,UCSGM-,**,**,*,MOTORIZEDGROUND
WAR.GRDTRK.UNT.CBT.ISF.GRD.MECH,S,*,G,*,UCSGA-,**,**,*,MECHANIZEDGROUND
WAR.GRDTRK.UNT.CBT.ISF.WHMECH,S,*,G,*,UCSM--,**,**,*,WHEELEDMECHANIZED
WAR.GRDTRK.UNT.CBT.ISF.RALRD,S,*,G,*,UCSR--,**,**,*,RAILROAD
WAR.GRDTRK.UNT.CBT.ISF.AVN,S,*,G,*,UCSA--,**,**,*,AVIATION
WAR.GRDTRK.UNT.CS,S,*,G,*,UU----,**,**,*,COMBATSUPPORT
WAR.GRDTRK.UNT.CS.CBRN,S,*,G,*,UUA---,**,**,*,COMBATSUPPORTCBRN
WAR.GRDTRK.UNT.CS.CBRN.CML,S,*,G,*,UUAC--,**,**,*,CHEMICAL
WAR.GRDTRK.UNT.CS.CBRN.CML.SMKDEC,S,*,G,*,UUACC-,**,**,*,SMOKE/DECON
WAR.GRDTRK.UNT.CS.CBRN.CML.SMKDEC.MECH,S,*,G,*,UUACCK,**,**,*,MECHANIZEDSMOKE/DECON
WAR.GRDTRK.UNT.CS.CBRN.CML.SMKDEC.MOT,S,*,G,*,UUACCM,**,**,*,MOTORIZEDSMOKE/DECON
WAR.GRDTRK.UNT.CS.CBRN.CML.SMK,S,*,G,*,UUACS-,**,**,*,SMOKE
WAR.GRDTRK.UNT.CS.CBRN.CML.SMK.MOT,S,*,G,*,UUACSM,**,**,*,MOTORIZEDSMOKE
WAR.GRDTRK.UNT.CS.CBRN.CML.SMK.ARM,S,*,G,*,UUACSA,**,**,*,ARMORSMOKE
WAR.GRDTRK.UNT.CS.CBRN.CML.RECON,S,*,G,*,UUACR-,**,**,*,CHEMICALRECON
WAR.GRDTRK.UNT.CS.CBRN.CML.RECON.WARMVH,S,*,G,*,UUACRW,**,**,*,CHEMICALWHEELEDARMOREDVEHICLE
WAR.GRDTRK.UNT.CS.CBRN.CML.RECON.WAVS,S,*,G,*,UUACRS,**,**,*,CHEMICALWHEELEDARMOREDVEHICLERECONNAISSANCESURVEILLANCE
WAR.GRDTRK.UNT.CS.CBRN.NUC,S,*,G,*,UUAN--,**,**,*,NUCLEAR
WAR.GRDTRK.UNT.CS.CBRN.BIO,S,*,G,*,UUAB--,**,**,*,BIOLOGICAL
WAR.GRDTRK.UNT.CS.CBRN.BIO.RECEQP,S,*,G,*,UUABR-,**,**,*,RECONEQUIPPED
WAR.GRDTRK.UNT.CS.CBRN.DECON,S,*,G,*,UUAD--,**,**,*,DECONTAMINATION
WAR.GRDTRK.UNT.CS.MILINT,S,*,G,*,UUM---,**,**,*,MILITARYINTELLIGENCE
WAR.GRDTRK.UNT.CS.MILINT.AEREXP,S,*,G,*,UUMA--,**,**,*,AERIALEXPLOITATION
WAR.GRDTRK.UNT.CS.MILINT.SIGINT,S,*,G,*,UUMS--,**,**,*,SIGNALINTELLIGENCE(SIGINT)
WAR.GRDTRK.UNT.CS.MILINT.SIGINT.ECW,S,*,G,*,UUMSE-,**,**,*,ELECTRONICWARFARE
WAR.GRDTRK.UNT.CS.MILINT.SIGINT.ECW.ARMWVH,S,*,G,*,UUMSEA,**,**,*,ARMOREDWHEELEDVEHICLE
WAR.GRDTRK.UNT.CS.MILINT.SIGINT.ECW.DFN,S,*,G,*,UUMSED,**,**,*,DIRECTIONFINDING
WAR.GRDTRK.UNT.CS.MILINT.SIGINT.ECW.INC,S,*,G,*,UUMSEI,**,**,*,INTERCEPT
WAR.GRDTRK.UNT.CS.MILINT.SIGINT.ECW.JMG,S,*,G,*,UUMSEJ,**,**,*,JAMMING
WAR.GRDTRK.UNT.CS.MILINT.SIGINT.ECW.THT,S,*,G,*,UUMSET,**,**,*,THEATER
WAR.GRDTRK.UNT.CS.MILINT.SIGINT.ECW.CRP,S,*,G,*,UUMSEC,**,**,*,CORPS
WAR.GRDTRK.UNT.CS.MILINT.CINT,S,*,G,*,UUMC--,**,**,*,COUNTERINTELLIGENCE
WAR.GRDTRK.UNT.CS.MILINT.SVL,S,*,G,*,UUMR--,**,**,*,SURVEILLANCE
WAR.GRDTRK.UNT.CS.MILINT.SVL.GRDSR,S,*,G,*,UUMRG-,**,**,*,GROUNDSURVEILLANCERADAR
WAR.GRDTRK.UNT.CS.MILINT.SVL.SNS,S,*,G,*,UUMRS-,**,**,*,SENSOR
WAR.GRDTRK.UNT.CS.MILINT.SVL.SNS.SCM,S,*,G,*,UUMRSS,**,**,*,SENSORSCM
WAR.GRDTRK.UNT.CS.MILINT.SVL.GRDSM,S,*,G,*,UUMRX-,**,**,*,GROUNDSTATIONMODULE
WAR.GRDTRK.UNT.CS.MILINT.SVL.METO,S,*,G,*,UUMMO-,**,**,*,METEOROLOGICAL
WAR.GRDTRK.UNT.CS.MILINT.OPN,S,*,G,*,UUMO--,**,**,*,OPERATIONS
WAR.GRDTRK.UNT.CS.MILINT.TACEXP,S,*,G,*,UUMT--,**,**,*,TACTICALEXPLOIT
WAR.GRDTRK.UNT.CS.MILINT.INTGN,S,*,G,*,UUMQ--,**,**,*,INTERROGATION
WAR.GRDTRK.UNT.CS.MILINT.JINTCT,S,*,G,*,UUMJ--,**,**,*,JOINTINTELLIGENCECENTER
WAR.GRDTRK.UNT.CS.LAWENU,S,*,G,*,UUL---,**,**,*,LAWENFORCEMENTUNIT
WAR.GRDTRK.UNT.CS.LAWENU.SHRPAT,S,*,G,*,UULS--,**,**,*,SHOREPATROL
WAR.GRDTRK.UNT.CS.LAWENU.MILP,S,*,G,*,UULM--,**,**,*,MILITARYPOLICE
WAR.GRDTRK.UNT.CS.LAWENU.CLE,S,*,G,*,UULC--,**,**,*,CIVILIANLAWENFORCEMENT
WAR.GRDTRK.UNT.CS.LAWENU.SECPOL,S,*,G,*,UULF--,**,**,*,SECURITYPOLICE(AIR)
WAR.GRDTRK.UNT.CS.LAWENU.CID,S,*,G,*,UULD--,**,**,*,CENTRALINTELLIGENCEDIVISION(CID)
WAR.GRDTRK.UNT.CS.SIGUNT,S,*,G,*,UUS---,**,**,*,SIGNALUNIT
WAR.GRDTRK.UNT.CS.SIGUNT.ARA,S,*,G,*,UUSA--,**,**,*,AREA
WAR.GRDTRK.UNT.CS.SIGUNT.COMCP,S,*,G,*,UUSC--,**,**,*,COMMUNICATIONCONFIGUREDPACKAGE
WAR.GRDTRK.UNT.CS.SIGUNT.COMCP.LCCP,S,*,G,*,UUSCL-,**,**,*,LARGECOMMUNICATIONCONFIGUREDPACKAGE(LCCP)
WAR.GRDTRK.UNT.CS.SIGUNT.CMDOPN,S,*,G,*,UUSO--,**,**,*,COMMANDOPERATIONS
WAR.GRDTRK.UNT.CS.SIGUNT.FWDCOM,S,*,G,*,UUSF--,**,**,*,FORWARDCOMMUNICATIONS
WAR.GRDTRK.UNT.CS.SIGUNT.MSE,S,*,G,*,UUSM--,**,**,*,MULTIPLESUBSCRIBERELEMENT
WAR.GRDTRK.UNT.CS.SIGUNT.MSE.SEN,S,*,G,*,UUSMS-,**,**,*,SMALLEXTENSIONNODE
WAR.GRDTRK.UNT.CS.SIGUNT.MSE.LEN,S,*,G,*,UUSML-,**,**,*,LARGEEXTENSIONNODE
WAR.GRDTRK.UNT.CS.SIGUNT.MSE.NODCTR,S,*,G,*,UUSMN-,**,**,*,NODECENTER
WAR.GRDTRK.UNT.CS.SIGUNT.RDOUNT,S,*,G,*,UUSR--,**,**,*,RADIOUNIT
WAR.GRDTRK.UNT.CS.SIGUNT.RDOUNT.TACSAT,S,*,G,*,UUSRS-,**,**,*,TACTICALSATELLITE
WAR.GRDTRK.UNT.CS.SIGUNT.RDOUNT.TTYCTR,S,*,G,*,UUSRT-,**,**,*,TELETYPECENTER
WAR.GRDTRK.UNT.CS.SIGUNT.RDOUNT.RLY,S,*,G,*,UUSRW-,**,**,*,RELAY
WAR.GRDTRK.UNT.CS.SIGUNT.SIGSUP,S,*,G,*,UUSS--,**,**,*,SIGNALSUPPORT
WAR.GRDTRK.UNT.CS.SIGUNT.PHOSWT,S,*,G,*,UUSW--,**,**,*,TELEPHONESWITCH
WAR.GRDTRK.UNT.CS.SIGUNT.ECRG,S,*,G,*,UUSX--,**,**,*,ELECTRONICRANGING
WAR.GRDTRK.UNT.CS.IWU,S,*,G,*,UUI---,**,**,*,INFORMATIONWARFAREUNIT
WAR.GRDTRK.UNT.CS.LNDSUP,S,*,G,*,UUP---,**,**,*,LANDINGSUPPORT
WAR.GRDTRK.UNT.CS.EOD,S,*,G,*,UUE---,**,**,*,EXPLOSIVEORDNANCEDISPOSAL
WAR.GRDTRK.UNT.CSS,S,*,G,*,US----,**,**,*,COMBATSERVICESUPPORT
WAR.GRDTRK.UNT.CSS.ADMIN,S,*,G,*,USA---,**,**,*,ADMINISTRATIVE(ADMIN)
WAR.GRDTRK.UNT.CSS.ADMIN.THT,S,*,G,*,USAT--,**,**,*,ADMINTHEATER
WAR.GRDTRK.UNT.CSS.ADMIN.CRP,S,*,G,*,USAC--,**,**,*,ADMINCORPS
WAR.GRDTRK.UNT.CSS.ADMIN.JAG,S,*,G,*,USAJ--,**,**,*,JUDGEADVOCATEGENERAL(JAG)
WAR.GRDTRK.UNT.CSS.ADMIN.JAG.THT,S,*,G,*,USAJT-,**,**,*,JAGTHEATER
WAR.GRDTRK.UNT.CSS.ADMIN.JAG.CRP,S,*,G,*,USAJC-,**,**,*,JAGCORPS
WAR.GRDTRK.UNT.CSS.ADMIN.PST,S,*,G,*,USAO--,**,**,*,POSTAL
WAR.GRDTRK.UNT.CSS.ADMIN.PST.THT,S,*,G,*,USAOT-,**,**,*,POSTALTHEATER
WAR.GRDTRK.UNT.CSS.ADMIN.PST.CRP,S,*,G,*,USAOC-,**,**,*,POSTALCORPS
WAR.GRDTRK.UNT.CSS.ADMIN.FIN,S,*,G,*,USAF--,**,**,*,FINANCE
WAR.GRDTRK.UNT.CSS.ADMIN.FIN.THT,S,*,G,*,USAFT-,**,**,*,FINANCETHEATER
WAR.GRDTRK.UNT.CSS.ADMIN.FIN.CRP,S,*,G,*,USAFC-,**,**,*,FINANCECORPS
WAR.GRDTRK.UNT.CSS.ADMIN.PERSVC,S,*,G,*,USAS--,**,**,*,PERSONNELSERVICES
WAR.GRDTRK.UNT.CSS.ADMIN.PERSVC.THT,S,*,G,*,USAST-,**,**,*,PERSONNELTHEATER
WAR.GRDTRK.UNT.CSS.ADMIN.PERSVC.CRP,S,*,G,*,USASC-,**,**,*,PERSONNELCORPS
WAR.GRDTRK.UNT.CSS.ADMIN.MTRY,S,*,G,*,USAM--,**,**,*,MORTUARY/GRAVESREGISTRY
WAR.GRDTRK.UNT.CSS.ADMIN.MTRY.THT,S,*,G,*,USAMT-,**,**,*,MORTUARY/GRAVESREGISTRYTHEATER
WAR.GRDTRK.UNT.CSS.ADMIN.MTRY.CRP,S,*,G,*,USAMC-,**,**,*,MORTUARY/GRAVESREGISTRYCORPS
WAR.GRDTRK.UNT.CSS.ADMIN.RELG,S,*,G,*,USAR--,**,**,*,RELIGIOUS/CHAPLAIN
WAR.GRDTRK.UNT.CSS.ADMIN.RELG.THT,S,*,G,*,USART-,**,**,*,RELIGIOUS/CHAPLAINTHEATER
WAR.GRDTRK.UNT.CSS.ADMIN.RELG.CRP,S,*,G,*,USARC-,**,**,*,RELIGIOUS/CHAPLAINCORPS
WAR.GRDTRK.UNT.CSS.ADMIN.PUBAFF,S,*,G,*,USAP--,**,**,*,PUBLICAFFAIRS
WAR.GRDTRK.UNT.CSS.ADMIN.PUBAFF.THT,S,*,G,*,USAPT-,**,**,*,PUBLICAFFAIRSTHEATER
WAR.GRDTRK.UNT.CSS.ADMIN.PUBAFF.CRP,S,*,G,*,USAPC-,**,**,*,PUBLICAFFAIRSCORPS
WAR.GRDTRK.UNT.CSS.ADMIN.PUBAFF.BRCT,S,*,G,*,USAPB-,**,**,*,PUBLICAFFAIRSBROADCAST
WAR.GRDTRK.UNT.CSS.ADMIN.PUBAFF.BRCT.THT,S,*,G,*,USAPBT,**,**,*,PUBLICAFFAIRSBROADCASTTHEATER
WAR.GRDTRK.UNT.CSS.ADMIN.PUBAFF.BRCT.CRP,S,*,G,*,USAPBC,**,**,*,PUBLICAFFAIRSBROADCASTCORPS
WAR.GRDTRK.UNT.CSS.ADMIN.PUBAFF.JIB,S,*,G,*,USAPM-,**,**,*,PUBLICAFFAIRSJOINTINFORMATIONBUREAU(JIB)
WAR.GRDTRK.UNT.CSS.ADMIN.PUBAFF.JIB.THT,S,*,G,*,USAPMT,**,**,*,PUBLICAFFAIRSJIBTHEATER
WAR.GRDTRK.UNT.CSS.ADMIN.PUBAFF.JIB.CRP,S,*,G,*,USAPMC,**,**,*,PUBLICAFFAIRSJIBCORPS
WAR.GRDTRK.UNT.CSS.ADMIN.RHU,S,*,G,*,USAX--,**,**,*,REPLACEMENTHOLDINGUNIT(RHU)
WAR.GRDTRK.UNT.CSS.ADMIN.RHU.THT,S,*,G,*,USAXT-,**,**,*,RHUTHEATER
WAR.GRDTRK.UNT.CSS.ADMIN.RHU.CRP,S,*,G,*,USAXC-,**,**,*,RHUCORPS
WAR.GRDTRK.UNT.CSS.ADMIN.LBR,S,*,G,*,USAL--,**,**,*,LABOR
WAR.GRDTRK.UNT.CSS.ADMIN.LBR.THT,S,*,G,*,USALT-,**,**,*,LABORTHEATER
WAR.GRDTRK.UNT.CSS.ADMIN.LBR.CRP,S,*,G,*,USALC-,**,**,*,LABORCORPS
WAR.GRDTRK.UNT.CSS.ADMIN.MWR,S,*,G,*,USAW--,**,**,*,MORALE,WELFARE,RECREATION(MWR)
WAR.GRDTRK.UNT.CSS.ADMIN.MWR.THT,S,*,G,*,USAWT-,**,**,*,MWRTHEATER
WAR.GRDTRK.UNT.CSS.ADMIN.MWR.CRP,S,*,G,*,USAWC-,**,**,*,MWRCORPS
WAR.GRDTRK.UNT.CSS.ADMIN.SUPPLY,S,*,G,*,USAQ--,**,**,*,QUARTERMASTER(SUPPLY)
WAR.GRDTRK.UNT.CSS.ADMIN.SUPPLY.THT,S,*,G,*,USAQT-,**,**,*,QUARTERMASTER(SUPPLY)THEATER
WAR.GRDTRK.UNT.CSS.ADMIN.SUPPLY.CRP,S,*,G,*,USAQC-,**,**,*,QUARTERMASTER(SUPPLY)CORPS
WAR.GRDTRK.UNT.CSS.MED,S,*,G,*,USM---,**,**,*,MEDICAL
WAR.GRDTRK.UNT.CSS.MED.THT,S,*,G,*,USMT--,**,**,*,MEDICALTHEATER
WAR.GRDTRK.UNT.CSS.MED.CRP,S,*,G,*,USMC--,**,**,*,MEDICALCORPS
WAR.GRDTRK.UNT.CSS.MED.MEDTF,S,*,G,*,USMM--,**,**,*,MEDICALTREATMENTFACILITY
WAR.GRDTRK.UNT.CSS.MED.MEDTF.THT,S,*,G,*,USMMT-,**,**,*,MEDICALTREATMENTFACILITYTHEATER
WAR.GRDTRK.UNT.CSS.MED.MEDTF.CRP,S,*,G,*,USMMC-,**,**,*,MEDICALTREATMENTFACILITYCORPS
WAR.GRDTRK.UNT.CSS.MED.VNY,S,*,G,*,USMV--,**,**,*,MEDICALVETERINARY
WAR.GRDTRK.UNT.CSS.MED.VNY.THT,S,*,G,*,USMVT-,**,**,*,MEDICALVETERINARYTHEATER
WAR.GRDTRK.UNT.CSS.MED.VNY.CRP,S,*,G,*,USMVC-,**,**,*,MEDICALVETERINARYCORPS
WAR.GRDTRK.UNT.CSS.MED.DEN,S,*,G,*,USMD--,**,**,*,MEDICALDENTAL
WAR.GRDTRK.UNT.CSS.MED.DEN.THT,S,*,G,*,USMDT-,**,**,*,MEDICALDENTALTHEATER
WAR.GRDTRK.UNT.CSS.MED.DEN.CRP,S,*,G,*,USMDC-,**,**,*,MEDICALDENTALCORPS
WAR.GRDTRK.UNT.CSS.MED.PSY,S,*,G,*,USMP--,**,**,*,MEDICALPSYCHOLOGICAL
WAR.GRDTRK.UNT.CSS.MED.PSY.THT,S,*,G,*,USMPT-,**,**,*,MEDICALPSYCHOLOGICALTHEATER
WAR.GRDTRK.UNT.CSS.MED.PSY.CRP,S,*,G,*,USMPC-,**,**,*,MEDICALPSYCHOLOGICALCORPS
WAR.GRDTRK.UNT.CSS.SLP,S,*,G,*,USS---,**,**,*,SUPPLY
WAR.GRDTRK.UNT.CSS.SLP.THT,S,*,G,*,USST--,**,**,*,SUPPLYTHEATER
WAR.GRDTRK.UNT.CSS.SLP.CRP,S,*,G,*,USSC--,**,**,*,SUPPLYCORPS
WAR.GRDTRK.UNT.CSS.SLP.CLS1,S,*,G,*,USS1--,**,**,*,SUPPLYCLASSI
WAR.GRDTRK.UNT.CSS.SLP.CLS1.THT,S,*,G,*,USS1T-,**,**,*,SUPPLYCLASSITHEATER
WAR.GRDTRK.UNT.CSS.SLP.CLS1.CRP,S,*,G,*,USS1C-,**,**,*,SUPPLYCLASSICORPS
WAR.GRDTRK.UNT.CSS.SLP.CLS2,S,*,G,*,USS2--,**,**,*,SUPPLYCLASSII
WAR.GRDTRK.UNT.CSS.SLP.CLS2.THT,S,*,G,*,USS2T-,**,**,*,SUPPLYCLASSIITHEATER
WAR.GRDTRK.UNT.CSS.SLP.CLS2.CRP,S,*,G,*,USS2C-,**,**,*,SUPPLYCLASSIICORPS
WAR.GRDTRK.UNT.CSS.SLP.CLS3,S,*,G,*,USS3--,**,**,*,SUPPLYCLASSIII
WAR.GRDTRK.UNT.CSS.SLP.CLS3.THT,S,*,G,*,USS3T-,**,**,*,SUPPLYCLASSIIITHEATER
WAR.GRDTRK.UNT.CSS.SLP.CLS3.CRP,S,*,G,*,USS3C-,**,**,*,SUPPLYCLASSIIICORPS
WAR.GRDTRK.UNT.CSS.SLP.CLS3.AVN,S,*,G,*,USS3A-,**,**,*,SUPPLYCLASSIIIAVIATION
WAR.GRDTRK.UNT.CSS.SLP.CLS3.AVN.THT,S,*,G,*,USS3AT,**,**,*,SUPPLYCLASSIIIAVIATIONTHEATER
WAR.GRDTRK.UNT.CSS.SLP.CLS3.AVN.CRP,S,*,G,*,USS3AC,**,**,*,SUPPLYCLASSIIIAVIATIONCORPS
WAR.GRDTRK.UNT.CSS.SLP.CLS4,S,*,G,*,USS4--,**,**,*,SUPPLYCLASSIV
WAR.GRDTRK.UNT.CSS.SLP.CLS4.THT,S,*,G,*,USS4T-,**,**,*,SUPPLYCLASSIVTHEATER
WAR.GRDTRK.UNT.CSS.SLP.CLS4.CRP,S,*,G,*,USS4C-,**,**,*,SUPPLYCLASSIVCORPS
WAR.GRDTRK.UNT.CSS.SLP.CLS5,S,*,G,*,USS5--,**,**,*,SUPPLYCLASSV
WAR.GRDTRK.UNT.CSS.SLP.CLS5.THT,S,*,G,*,USS5T-,**,**,*,SUPPLYCLASSVTHEATER
WAR.GRDTRK.UNT.CSS.SLP.CLS5.CRP,S,*,G,*,USS5C-,**,**,*,SUPPLYCLASSVCORPS
WAR.GRDTRK.UNT.CSS.SLP.CLS6,S,*,G,*,USS6--,**,**,*,SUPPLYCLASSVI
WAR.GRDTRK.UNT.CSS.SLP.CLS6.THT,S,*,G,*,USS6T-,**,**,*,SUPPLYCLASSVITHEATER
WAR.GRDTRK.UNT.CSS.SLP.CLS6.CRP,S,*,G,*,USS6C-,**,**,*,SUPPLYCLASSVICORPS
WAR.GRDTRK.UNT.CSS.SLP.CLS7,S,*,G,*,USS7--,**,**,*,SUPPLYCLASSVII
WAR.GRDTRK.UNT.CSS.SLP.CLS7.THT,S,*,G,*,USS7T-,**,**,*,SUPPLYCLASSVIITHEATER
WAR.GRDTRK.UNT.CSS.SLP.CLS7.CRP,S,*,G,*,USS7C-,**,**,*,SUPPLYCLASSVIICORPS
WAR.GRDTRK.UNT.CSS.SLP.CLS8,S,*,G,*,USS8--,**,**,*,SUPPLYCLASSVIII
WAR.GRDTRK.UNT.CSS.SLP.CLS8.THT,S,*,G,*,USS8T-,**,**,*,SUPPLYCLASSVIIITHEATER
WAR.GRDTRK.UNT.CSS.SLP.CLS8.CRP,S,*,G,*,USS8C-,**,**,*,SUPPLYCLASSVIIICORPS
WAR.GRDTRK.UNT.CSS.SLP.CLS9,S,*,G,*,USS9--,**,**,*,SUPPLYCLASSIX
WAR.GRDTRK.UNT.CSS.SLP.CLS9.THT,S,*,G,*,USS9T-,**,**,*,SUPPLYCLASSIXTHEATER
WAR.GRDTRK.UNT.CSS.SLP.CLS9.CRP,S,*,G,*,USS9C-,**,**,*,SUPPLYCLASSIXCORPS
WAR.GRDTRK.UNT.CSS.SLP.CLS10,S,*,G,*,USSX--,**,**,*,SUPPLYCLASSX
WAR.GRDTRK.UNT.CSS.SLP.CLS10.THT,S,*,G,*,USSXT-,**,**,*,SUPPLYCLASSXTHEATER
WAR.GRDTRK.UNT.CSS.SLP.CLS10.CRP,S,*,G,*,USSXC-,**,**,*,SUPPLYCLASSXCORPS
WAR.GRDTRK.UNT.CSS.SLP.LDY,S,*,G,*,USSL--,**,**,*,SUPPLYLAUNDRY/BATH
WAR.GRDTRK.UNT.CSS.SLP.LDY.THT,S,*,G,*,USSLT-,**,**,*,SUPPLYLAUNDRY/BATHTHEATER
WAR.GRDTRK.UNT.CSS.SLP.LDY.CRP,S,*,G,*,USSLC-,**,**,*,SUPPLYLAUNDRY/BATHCORPS
WAR.GRDTRK.UNT.CSS.SLP.H2O,S,*,G,*,USSW--,**,**,*,SUPPLYWATER
WAR.GRDTRK.UNT.CSS.SLP.H2O.THT,S,*,G,*,USSWT-,**,**,*,SUPPLYWATERTHEATER
WAR.GRDTRK.UNT.CSS.SLP.H2O.CRP,S,*,G,*,USSWC-,**,**,*,SUPPLYWATERCORPS
WAR.GRDTRK.UNT.CSS.SLP.H2O.PUR,S,*,G,*,USSWP-,**,**,*,SUPPLYWATERPURIFICATION
WAR.GRDTRK.UNT.CSS.SLP.H2O.PUR.THT,S,*,G,*,USSWPT,**,**,*,SUPPLYWATERPURIFICATIONTHEATER
WAR.GRDTRK.UNT.CSS.SLP.H2O.PUR.CRP,S,*,G,*,USSWPC,**,**,*,SUPPLYWATERPURIFICATIONCORPS
WAR.GRDTRK.UNT.CSS.TPT,S,*,G,*,UST---,**,**,*,TRANSPORTATION
WAR.GRDTRK.UNT.CSS.TPT.THT,S,*,G,*,USTT--,**,**,*,TRANSPORTATIONTHEATER
WAR.GRDTRK.UNT.CSS.TPT.CRP,S,*,G,*,USTC--,**,**,*,TRANSPORTATIONCORPS
WAR.GRDTRK.UNT.CSS.TPT.MCC,S,*,G,*,USTM--,**,**,*,MOVEMENTCONTROLCENTER(MCC)
WAR.GRDTRK.UNT.CSS.TPT.MCC.THT,S,*,G,*,USTMT-,**,**,*,MCCTHEATER
WAR.GRDTRK.UNT.CSS.TPT.MCC.CRP,S,*,G,*,USTMC-,**,**,*,MCCCORPS
WAR.GRDTRK.UNT.CSS.TPT.RHD,S,*,G,*,USTR--,**,**,*,RAILHEAD
WAR.GRDTRK.UNT.CSS.TPT.RHD.THT,S,*,G,*,USTRT-,**,**,*,RAILHEADTHEATER
WAR.GRDTRK.UNT.CSS.TPT.RHD.CRP,S,*,G,*,USTRC-,**,**,*,RAILHEADCORPS
WAR.GRDTRK.UNT.CSS.TPT.SPOD,S,*,G,*,USTS--,**,**,*,SPOD/SPOE
WAR.GRDTRK.UNT.CSS.TPT.SPOD.THT,S,*,G,*,USTST-,**,**,*,SPOD/SPOETHEATER
WAR.GRDTRK.UNT.CSS.TPT.SPOD.CRP,S,*,G,*,USTSC-,**,**,*,SPOD/SPOECORPS
WAR.GRDTRK.UNT.CSS.TPT.APOD,S,*,G,*,USTA--,**,**,*,APOD/APOE
WAR.GRDTRK.UNT.CSS.TPT.APOD.THT,S,*,G,*,USTAT-,**,**,*,APOD/APOETHEATER
WAR.GRDTRK.UNT.CSS.TPT.APOD.CRP,S,*,G,*,USTAC-,**,**,*,APOD/APOECORPS
WAR.GRDTRK.UNT.CSS.TPT.MSL,S,*,G,*,USTI--,**,**,*,MISSILE
WAR.GRDTRK.UNT.CSS.TPT.MSL.THT,S,*,G,*,USTIT-,**,**,*,MISSILETHEATER
WAR.GRDTRK.UNT.CSS.TPT.MSL.CRP,S,*,G,*,USTIC-,**,**,*,MISSILECORPS
WAR.GRDTRK.UNT.CSS.MAINT,S,*,G,*,USX---,**,**,*,MAINTENANCE
WAR.GRDTRK.UNT.CSS.MAINT.THT,S,*,G,*,USXT--,**,**,*,MAINTENANCETHEATER
WAR.GRDTRK.UNT.CSS.MAINT.CRP,S,*,G,*,USXC--,**,**,*,MAINTENANCECORPS
WAR.GRDTRK.UNT.CSS.MAINT.HVY,S,*,G,*,USXH--,**,**,*,MAINTENANCEHEAVY
WAR.GRDTRK.UNT.CSS.MAINT.HVY.THT,S,*,G,*,USXHT-,**,**,*,MAINTENANCEHEAVYTHEATER
WAR.GRDTRK.UNT.CSS.MAINT.HVY.CRP,S,*,G,*,USXHC-,**,**,*,MAINTENANCEHEAVYCORPS
WAR.GRDTRK.UNT.CSS.MAINT.RCY,S,*,G,*,USXR--,**,**,*,MAINTENANCERECOVERY
WAR.GRDTRK.UNT.CSS.MAINT.RCY.THT,S,*,G,*,USXRT-,**,**,*,MAINTENANCERECOVERYTHEATER
WAR.GRDTRK.UNT.CSS.MAINT.RCY.CRP,S,*,G,*,USXRC-,**,**,*,MAINTENANCERECOVERYCORPS
WAR.GRDTRK.UNT.CSS.MAINT.ORD,S,*,G,*,USXO--,**,**,*,ORDNANCE
WAR.GRDTRK.UNT.CSS.MAINT.ORD.THT,S,*,G,*,USXOT-,**,**,*,ORDNANCETHEATER
WAR.GRDTRK.UNT.CSS.MAINT.ORD.CRP,S,*,G,*,USXOC-,**,**,*,ORDNANCECORPS
WAR.GRDTRK.UNT.CSS.MAINT.ORD.MSL,S,*,G,*,USXOM-,**,**,*,ORDNANCEMISSILE
WAR.GRDTRK.UNT.CSS.MAINT.ORD.MSL.THT,S,*,G,*,USXOMT,**,**,*,ORDNANCEMISSILETHEATER
WAR.GRDTRK.UNT.CSS.MAINT.ORD.MSL.CRP,S,*,G,*,USXOMC,**,**,*,ORDNANCEMISSILECORPS
WAR.GRDTRK.UNT.CSS.MAINT.EOP,S,*,G,*,USXE--,**,**,*,ELECTRO-OPTICAL
WAR.GRDTRK.UNT.CSS.MAINT.EOP.THT,S,*,G,*,USXET-,**,**,*,ELECTRO-OPTICALTHEATER
WAR.GRDTRK.UNT.CSS.MAINT.EOP.CRP,S,*,G,*,USXEC-,**,**,*,ELECTRO-OPTICALCORPS
WAR.GRDTRK.UNT.C2HQ,S,*,G,*,UH----,**,**,*,SPECIALC2HEADQUARTERSCOMPONENT
WAR.GRDTRK.EQT,S,*,G,*,E-----,**,**,*,GROUNDTRACKEQUIPMENT
WAR.GRDTRK.EQT.WPN,S,*,G,*,EW----,**,**,*,WEAPON
WAR.GRDTRK.EQT.WPN.MSLL,S,*,G,*,EWM---,**,**,*,MISSILELAUNCHER
WAR.GRDTRK.EQT.WPN.MSLL.ADFAD,S,*,G,*,EWMA--,**,**,*,AIRDEFENSE(AD)MISSILELAUNCHER
WAR.GRDTRK.EQT.WPN.MSLL.ADFAD.SHTR,S,*,G,*,EWMAS-,**,**,*,SHORTRANGEADMISSILELAUNCHER
WAR.GRDTRK.EQT.WPN.MSLL.ADFAD.SHTR.TLAR,S,*,G,*,EWMASR,**,**,*,TRANSPORTERLAUNCHERANDRADAR(TLAR)
WAR.GRDTRK.EQT.WPN.MSLL.ADFAD.SHTR.TELAR,S,*,G,*,EWMASE,**,**,*,TRANSPORTERERECTORLAUNCHERANDRADAR(TELAR)
WAR.GRDTRK.EQT.WPN.MSLL.ADFAD.INTMR,S,*,G,*,EWMAI-,**,**,*,INTERMEDIATERANGEADMISSILELAUNCHER
WAR.GRDTRK.EQT.WPN.MSLL.ADFAD.INTMR.TLAR,S,*,G,*,EWMAIR,**,**,*,TRANSPORTERLAUNCHERANDRADAR(TLAR)
WAR.GRDTRK.EQT.WPN.MSLL.ADFAD.INTMR.TELAR,S,*,G,*,EWMAIE,**,**,*,TRANSPORTERERECTORLAUNCHERANDRADAR(TELAR)
WAR.GRDTRK.EQT.WPN.MSLL.ADFAD.LNGR,S,*,G,*,EWMAL-,**,**,*,LONGRANGEADMISSILELAUNCHER
WAR.GRDTRK.EQT.WPN.MSLL.ADFAD.LNGR.TLAR,S,*,G,*,EWMALR,**,**,*,TRANSPORTERLAUNCHERANDRADAR(TLAR)
WAR.GRDTRK.EQT.WPN.MSLL.ADFAD.LNGR.TELAR,S,*,G,*,EWMALE,**,**,*,TRANSPORTERERECTORLAUNCHERANDRADAR(TELAR)
WAR.GRDTRK.EQT.WPN.MSLL.ADFAD.THT,S,*,G,*,EWMAT-,**,**,*,ADMISSILELAUNCHERTHEATER
WAR.GRDTRK.EQT.WPN.MSLL.ADFAD.THT.TLAR,S,*,G,*,EWMATR,**,**,*,TRANSPORTERLAUNCHERANDRADAR(TLAR)
WAR.GRDTRK.EQT.WPN.MSLL.ADFAD.THT.TELAR,S,*,G,*,EWMATE,**,**,*,TRANSPORTERERECTORLAUNCHERANDRADAR(TELAR)
WAR.GRDTRK.EQT.WPN.MSLL.SUF,S,*,G,*,EWMS--,**,**,*,SURF-SURF(SS)MISSILELAUNCHER
WAR.GRDTRK.EQT.WPN.MSLL.SUF.SHTR,S,*,G,*,EWMSS-,**,**,*,SHORTRANGESSMISSILELAUNCHER
WAR.GRDTRK.EQT.WPN.MSLL.SUF.INTMR,S,*,G,*,EWMSI-,**,**,*,INTERMEDIATERANGESSMISSILELAUNCHER
WAR.GRDTRK.EQT.WPN.MSLL.SUF.LNGR,S,*,G,*,EWMSL-,**,**,*,LONGRANGESSMISSILELAUNCHER
WAR.GRDTRK.EQT.WPN.MSLL.AT,S,*,G,*,EWMT--,**,**,*,MISSILELAUNCHERANTITANK(AT)
WAR.GRDTRK.EQT.WPN.MSLL.AT.LIT,S,*,G,*,EWMTL-,**,**,*,MISSILELAUNCHERATLIGHT
WAR.GRDTRK.EQT.WPN.MSLL.AT.MDM,S,*,G,*,EWMTM-,**,**,*,MISSILELAUNCHERATMEDIUM
WAR.GRDTRK.EQT.WPN.MSLL.AT.HVY,S,*,G,*,EWMTH-,**,**,*,MISSILELAUNCHERATHEAVY
WAR.GRDTRK.EQT.WPN.SRL,S,*,G,*,EWS---,**,**,*,SINGLEROCKETLAUNCHER
WAR.GRDTRK.EQT.WPN.SRL.LIT,S,*,G,*,EWSL--,**,**,*,SINGLEROCKETLAUNCHERLIGHT
WAR.GRDTRK.EQT.WPN.SRL.MDM,S,*,G,*,EWSM--,**,**,*,SINGLEROCKETLAUNCHERMEDIUM
WAR.GRDTRK.EQT.WPN.SRL.HVY,S,*,G,*,EWSH--,**,**,*,SINGLEROCKETLAUNCHERHEAVY
WAR.GRDTRK.EQT.WPN.MRL,S,*,G,*,EWX---,**,**,*,MULTIPLEROCKETLAUNCHER
WAR.GRDTRK.EQT.WPN.MRL.LIT,S,*,G,*,EWXL--,**,**,*,MULTIPLEROCKETLAUNCHERLIGHT
WAR.GRDTRK.EQT.WPN.MRL.MDM,S,*,G,*,EWXM--,**,**,*,MULTIPLEROCKETLAUNCHERMEDIUM
WAR.GRDTRK.EQT.WPN.MRL.HVY,S,*,G,*,EWXH--,**,**,*,MULTIPLEROCKETLAUNCHERHEAVY
WAR.GRDTRK.EQT.WPN.ATRL,S,*,G,*,EWT---,**,**,*,ANTITANKROCKETLAUNCHER
WAR.GRDTRK.EQT.WPN.ATRL.LIT,S,*,G,*,EWTL--,**,**,*,ANTITANKROCKETLAUNCHERLIGHT
WAR.GRDTRK.EQT.WPN.ATRL.MDM,S,*,G,*,EWTM--,**,**,*,ANTITANKROCKETLAUNCHERMEDIUM
WAR.GRDTRK.EQT.WPN.ATRL.HVY,S,*,G,*,EWTH--,**,**,*,ANTITANKROCKETLAUNCHERHEAVY
WAR.GRDTRK.EQT.WPN.RIFWPN,S,*,G,*,EWR---,**,**,*,RIFLE/AUTOMATICWEAPON
WAR.GRDTRK.EQT.WPN.RIFWPN.RIF,S,*,G,*,EWRR--,**,**,*,RIFLE
WAR.GRDTRK.EQT.WPN.RIFWPN.LMG,S,*,G,*,EWRL--,**,**,*,LIGHTMACHINEGUN
WAR.GRDTRK.EQT.WPN.RIFWPN.HMG,S,*,G,*,EWRH--,**,**,*,HEAVYMACHINEGUN
WAR.GRDTRK.EQT.WPN.GREL,S,*,G,*,EWZ---,**,**,*,GRENADELAUNCHER
WAR.GRDTRK.EQT.WPN.GREL.LIT,S,*,G,*,EWZL--,**,**,*,GRENADELAUNCHERLIGHT
WAR.GRDTRK.EQT.WPN.GREL.MDM,S,*,G,*,EWZM--,**,**,*,GRENADELAUNCHERMEDIUM
WAR.GRDTRK.EQT.WPN.GREL.HVY,S,*,G,*,EWZH--,**,**,*,GRENADELAUNCHERHEAVY
WAR.GRDTRK.EQT.WPN.MORT,S,*,G,*,EWO---,**,**,*,MORTAR
WAR.GRDTRK.EQT.WPN.MORT.LIT,S,*,G,*,EWOL--,**,**,*,MORTARLIGHT
WAR.GRDTRK.EQT.WPN.MORT.MDM,S,*,G,*,EWOM--,**,**,*,MORTARMEDIUM
WAR.GRDTRK.EQT.WPN.MORT.HVY,S,*,G,*,EWOH--,**,**,*,MORTARHEAVY
WAR.GRDTRK.EQT.WPN.HOW,S,*,G,*,EWH---,**,**,*,HOWITZER
WAR.GRDTRK.EQT.WPN.HOW.LIT,S,*,G,*,EWHL--,**,**,*,HOWITZERLIGHT
WAR.GRDTRK.EQT.WPN.HOW.LIT.SPD,S,*,G,*,EWHLS-,**,**,*,HOWITZERLIGHTSELF-PROPELLED
WAR.GRDTRK.EQT.WPN.HOW.MDM,S,*,G,*,EWHM--,**,**,*,HOWITZERMEDIUM
WAR.GRDTRK.EQT.WPN.HOW.MDM.SPD,S,*,G,*,EWHMS-,**,**,*,HOWITZERMEDIUMSELF-PROPELLED
WAR.GRDTRK.EQT.WPN.HOW.HVY,S,*,G,*,EWHH--,**,**,*,HOWITZERHEAVY
WAR.GRDTRK.EQT.WPN.HOW.HVY.SPD,S,*,G,*,EWHHS-,**,**,*,HOWITZERHEAVYSELF-PROPELLED
WAR.GRDTRK.EQT.WPN.ATG,S,*,G,*,EWG---,**,**,*,ANTITANKGUN
WAR.GRDTRK.EQT.WPN.ATG.LIT,S,*,G,*,EWGL--,**,**,*,ANTITANKGUNLIGHT
WAR.GRDTRK.EQT.WPN.ATG.MDM,S,*,G,*,EWGM--,**,**,*,ANTITANKGUNMEDIUM
WAR.GRDTRK.EQT.WPN.ATG.HVY,S,*,G,*,EWGH--,**,**,*,ANTITANKGUNHEAVY
WAR.GRDTRK.EQT.WPN.ATG.RECL,S,*,G,*,EWGR--,**,**,*,ANTITANKGUNRECOILLESS
WAR.GRDTRK.EQT.WPN.DFG,S,*,G,*,EWD---,**,**,*,DIRECTFIREGUN
WAR.GRDTRK.EQT.WPN.DFG.LIT,S,*,G,*,EWDL--,**,**,*,DIRECTFIREGUNLIGHT
WAR.GRDTRK.EQT.WPN.DFG.LIT.SPD,S,*,G,*,EWDLS-,**,**,*,DIRECTFIREGUNLIGHTSELF-PROPELLED
WAR.GRDTRK.EQT.WPN.DFG.MDM,S,*,G,*,EWDM--,**,**,*,DIRECTFIREGUNMEDIUM
WAR.GRDTRK.EQT.WPN.DFG.MDM.SPD,S,*,G,*,EWDMS-,**,**,*,DIRECTFIREGUNMEDIUMSELF-PROPELLED
WAR.GRDTRK.EQT.WPN.DFG.HVY,S,*,G,*,EWDH--,**,**,*,DIRECTFIREGUNHEAVY
WAR.GRDTRK.EQT.WPN.DFG.HVY.SPD,S,*,G,*,EWDHS-,**,**,*,DIRECTFIREGUNHEAVYSELF-PROPELLED
WAR.GRDTRK.EQT.WPN.ADFG,S,*,G,*,EWA---,**,**,*,AIRDEFENSEGUN
WAR.GRDTRK.EQT.WPN.ADFG.LIT,S,*,G,*,EWAL--,**,**,*,AIRDEFENSEGUNLIGHT
WAR.GRDTRK.EQT.WPN.ADFG.MDM,S,*,G,*,EWAM--,**,**,*,AIRDEFENSEGUNMEDIUM
WAR.GRDTRK.EQT.WPN.ADFG.HVY,S,*,G,*,EWAH--,**,**,*,AIRDEFENSEGUNHEAVY
WAR.GRDTRK.EQT.GRDVEH,S,*,G,*,EV----,**,**,*,GROUNDVEHICLE
WAR.GRDTRK.EQT.GRDVEH.ARMD,S,*,G,*,EVA---,**,**,*,ARMOREDVEHICLE
WAR.GRDTRK.EQT.GRDVEH.ARMD.TANK,S,*,G,*,EVAT--,**,**,*,TANK
WAR.GRDTRK.EQT.GRDVEH.ARMD.TANK.LIT,S,*,G,*,EVATL-,**,**,*,TANKLIGHT
WAR.GRDTRK.EQT.GRDVEH.ARMD.TANK.LIT.RCY,S,*,G,*,EVATLR,**,**,*,TANKLIGHTRECOVERY
WAR.GRDTRK.EQT.GRDVEH.ARMD.TANK.MDM,S,*,G,*,EVATM-,**,**,*,TANKMEDIUM
WAR.GRDTRK.EQT.GRDVEH.ARMD.TANK.MDM.RCY,S,*,G,*,EVATMR,**,**,*,TANKMEDIUMRECOVERY
WAR.GRDTRK.EQT.GRDVEH.ARMD.TANK.HVY,S,*,G,*,EVATH-,**,**,*,TANKHEAVY
WAR.GRDTRK.EQT.GRDVEH.ARMD.TANK.HVY.RCY,S,*,G,*,EVATHR,**,**,*,TANKHEAVYRECOVERY
WAR.GRDTRK.EQT.GRDVEH.ARMD.ARMPC,S,*,G,*,EVAA--,**,**,*,ARMOREDPERSONNELCARRIER
WAR.GRDTRK.EQT.GRDVEH.ARMD.ARMPC.RCY,S,*,G,*,EVAAR-,**,**,*,ARMOREDPERSONNELCARRIERRECOVERY
WAR.GRDTRK.EQT.GRDVEH.ARMD.ARMINF,S,*,G,*,EVAI--,**,**,*,ARMOREDINFANTRY
WAR.GRDTRK.EQT.GRDVEH.ARMD.C2V,S,*,G,*,EVAC--,**,**,*,C2V/ACV
WAR.GRDTRK.EQT.GRDVEH.ARMD.CSSVEH,S,*,G,*,EVAS--,**,**,*,COMBATSERVICESUPPORTVEHICLE
WAR.GRDTRK.EQT.GRDVEH.ARMD.LARMVH,S,*,G,*,EVAL--,**,**,*,LIGHTARMOREDVEHICLE
WAR.GRDTRK.EQT.GRDVEH.UTYVEH,S,*,G,*,EVU---,**,**,*,UTILITYVEHICLE
WAR.GRDTRK.EQT.GRDVEH.UTYVEH.BUS,S,*,G,*,EVUB--,**,**,*,BUS
WAR.GRDTRK.EQT.GRDVEH.UTYVEH.SEMI,S,*,G,*,EVUS--,**,**,*,SEMI
WAR.GRDTRK.EQT.GRDVEH.UTYVEH.SEMI.LIT,S,*,G,*,EVUSL-,**,**,*,SEMILIGHT
WAR.GRDTRK.EQT.GRDVEH.UTYVEH.SEMI.MDM,S,*,G,*,EVUSM-,**,**,*,SEMIMEDIUM
WAR.GRDTRK.EQT.GRDVEH.UTYVEH.SEMI.HVY,S,*,G,*,EVUSH-,**,**,*,SEMIHEAVY
WAR.GRDTRK.EQT.GRDVEH.UTYVEH.LCCTRK,S,*,G,*,EVUL--,**,**,*,LIMITEDCROSS-COUNTRYTRUCK
WAR.GRDTRK.EQT.GRDVEH.UTYVEH.CCTRK,S,*,G,*,EVUX--,**,**,*,CROSS-COUNTRYTRUCK
WAR.GRDTRK.EQT.GRDVEH.UTYVEH.H2OCRT,S,*,G,*,EVUR--,**,**,*,WATERCRAFT
WAR.GRDTRK.EQT.GRDVEH.UTYVEH.TOWTRK,S,*,G,*,EVUT--,**,**,*,TOWTRUCK
WAR.GRDTRK.EQT.GRDVEH.UTYVEH.TOWTRK.LIT,S,*,G,*,EVUTL-,**,**,*,TOWTRUCKLIGHT
WAR.GRDTRK.EQT.GRDVEH.UTYVEH.TOWTRK.HVY,S,*,G,*,EVUTH-,**,**,*,TOWTRUCKHEAVY
WAR.GRDTRK.EQT.GRDVEH.UTYVEH.AMBLNC,S,*,G,*,EVUA--,**,**,*,AMBULANCE
WAR.GRDTRK.EQT.GRDVEH.UTYVEH.AMBLNC.ARMD,S,*,G,*,EVUAA-,**,**,*,ARMOREDAMBULANCE
WAR.GRDTRK.EQT.GRDVEH.ENGVEH,S,*,G,*,EVE---,**,**,*,ENGINEERVEHICLE
WAR.GRDTRK.EQT.GRDVEH.ENGVEH.BRG,S,*,G,*,EVEB--,**,**,*,BRIDGE
WAR.GRDTRK.EQT.GRDVEH.ENGVEH.ERHMR,S,*,G,*,EVEE--,**,**,*,EARTHMOVER
WAR.GRDTRK.EQT.GRDVEH.ENGVEH.CSNVEH,S,*,G,*,EVEC--,**,**,*,CONSTRUCTIONVEHICLE
WAR.GRDTRK.EQT.GRDVEH.ENGVEH.MLVEH,S,*,G,*,EVEM--,**,**,*,MINELAYINGVEHICLE
WAR.GRDTRK.EQT.GRDVEH.ENGVEH.MLVEH.ARMCV,S,*,G,*,EVEMV-,**,**,*,ARMOREDCARRIERWITHVOLCANO
WAR.GRDTRK.EQT.GRDVEH.ENGVEH.MLVEH.TRKMV,S,*,G,*,EVEML-,**,**,*,TRUCKMOUNTEDWITHVOLCANO
WAR.GRDTRK.EQT.GRDVEH.ENGVEH.MCVEH,S,*,G,*,EVEA--,**,**,*,MINECLEARINGVEHICLE
WAR.GRDTRK.EQT.GRDVEH.ENGVEH.MCVEH.ARMVM,S,*,G,*,EVEAA-,**,**,*,ARMOREDMOUNTEDMINECLEARINGVEHICLE
WAR.GRDTRK.EQT.GRDVEH.ENGVEH.MCVEH.TM,S,*,G,*,EVEAT-,**,**,*,TRAILERMOUNTEDMINECLEARINGVEHICLE
WAR.GRDTRK.EQT.GRDVEH.ENGVEH.DZR,S,*,G,*,EVED--,**,**,*,DOZER
WAR.GRDTRK.EQT.GRDVEH.ENGVEH.DZR.ARMD,S,*,G,*,EVEDA-,**,**,*,ARMOREDDOZER
WAR.GRDTRK.EQT.GRDVEH.ENGVEH.AST,S,*,G,*,EVES--,**,**,*,ARMOREDASSAULT
WAR.GRDTRK.EQT.GRDVEH.ENGVEH.ARMERV,S,*,G,*,EVER--,**,**,*,ARMOREDENGINEERRECONVEHICLE(AERV)
WAR.GRDTRK.EQT.GRDVEH.ENGVEH.BH,S,*,G,*,EVEH--,**,**,*,BACKHOE
WAR.GRDTRK.EQT.GRDVEH.ENGVEH.FRYTSP,S,*,G,*,EVEF--,**,**,*,FERRYTRANSPORTER
WAR.GRDTRK.EQT.GRDVEH.TRNLCO,S,*,G,*,EVT---,**,**,*,TRAINLOCOMOTIVE
WAR.GRDTRK.EQT.GRDVEH.CVLVEH,S,*,G,*,EVC---,**,**,*,CIVILIANVEHICLE
WAR.GRDTRK.EQT.GRDVEH.CVLVEH.AUT,S,*,G,*,EVCA--,**,**,*,AUTOMOBILE
WAR.GRDTRK.EQT.GRDVEH.CVLVEH.AUT.CPCT,S,*,G,*,EVCAL-,**,**,*,COMPACTAUTOMOBILE
WAR.GRDTRK.EQT.GRDVEH.CVLVEH.AUT.MDSZ,S,*,G,*,EVCAM-,**,**,*,MIDSIZEAUTOMOBILE
WAR.GRDTRK.EQT.GRDVEH.CVLVEH.AUT.SDN,S,*,G,*,EVCAH-,**,**,*,SEDANAUTOMOBILE
WAR.GRDTRK.EQT.GRDVEH.CVLVEH.OBTRK,S,*,G,*,EVCO--,**,**,*,OPEN-BEDTRUCK
WAR.GRDTRK.EQT.GRDVEH.CVLVEH.OBTRK.PU,S,*,G,*,EVCOL-,**,**,*,PICKUPOPEN-BEDTRUCK
WAR.GRDTRK.EQT.GRDVEH.CVLVEH.OBTRK.SMAL,S,*,G,*,EVCOM-,**,**,*,SMALLOPEN-BEDTRUCK
WAR.GRDTRK.EQT.GRDVEH.CVLVEH.OBTRK.LRG,S,*,G,*,EVCOH-,**,**,*,LARGEOPEN-BEDTRUCK
WAR.GRDTRK.EQT.GRDVEH.CVLVEH.MPV,S,*,G,*,EVCM--,**,**,*,MULTIPLEPASSENGERVEHICLE
WAR.GRDTRK.EQT.GRDVEH.CVLVEH.MPV.VAN,S,*,G,*,EVCML-,**,**,*,VANMULTIPLEPASSENGERVEHICLE
WAR.GRDTRK.EQT.GRDVEH.CVLVEH.MPV.SBUS,S,*,G,*,EVCMM-,**,**,*,SMALLBUSMULTIPLEPASSENGERVEHICLE
WAR.GRDTRK.EQT.GRDVEH.CVLVEH.MPV.LBUS,S,*,G,*,EVCMH-,**,**,*,LARGEBUSMULTIPLEPASSENGERVEHICLE
WAR.GRDTRK.EQT.GRDVEH.CVLVEH.UTYVEH,S,*,G,*,EVCU--,**,**,*,UTILITYVEHICLE
WAR.GRDTRK.EQT.GRDVEH.CVLVEH.UTYVEH.SUV,S,*,G,*,EVCUL-,**,**,*,SPORTUTILITYVEHICLE(SUV),UTILITYVEHICLE
WAR.GRDTRK.EQT.GRDVEH.CVLVEH.UTYVEH.SBOX,S,*,G,*,EVCUM-,**,**,*,SMALLBOXTRUCK,UTILITYVEHICLE
WAR.GRDTRK.EQT.GRDVEH.CVLVEH.UTYVEH.LBOX,S,*,G,*,EVCUH-,**,**,*,LARGEBOXTRUCK,UTILITYVEHICLE
WAR.GRDTRK.EQT.GRDVEH.CVLVEH.JP,S,*,G,*,EVCJ--,**,**,*,JEEPTYPEVEHICLE
WAR.GRDTRK.EQT.GRDVEH.CVLVEH.JP.SMAL,S,*,G,*,EVCJL-,**,**,*,SMALL/LIGHTJEEPTYPEVEHICLE
WAR.GRDTRK.EQT.GRDVEH.CVLVEH.JP.MDM,S,*,G,*,EVCJM-,**,**,*,MEDIUMJEEPTYPEVEHICLE
WAR.GRDTRK.EQT.GRDVEH.CVLVEH.JP.LRG,S,*,G,*,EVCJH-,**,**,*,LARGE/HEAVYJEEPTYPEVEHICLE
WAR.GRDTRK.EQT.GRDVEH.CVLVEH.TRTRL,S,*,G,*,EVCT--,**,**,*,TRACTORTRAILERTRUCKWITHBOXTRAILER
WAR.GRDTRK.EQT.GRDVEH.CVLVEH.TRTRL.SMAL,S,*,G,*,EVCTL-,**,**,*,SMALL/LIGHTBOXTRAILER,TRACTORTRAILERTRUCK
WAR.GRDTRK.EQT.GRDVEH.CVLVEH.TRTRL.MDM,S,*,G,*,EVCTM-,**,**,*,MEDIUMBOXTRAILER,TRACTORTRAILERTRUCK
WAR.GRDTRK.EQT.GRDVEH.CVLVEH.TRTRL.LRG,S,*,G,*,EVCTH-,**,**,*,LARGE/HEAVYBOXTRAILER,TRACTORTRAILERTRUCK
WAR.GRDTRK.EQT.GRDVEH.CVLVEH.TRTRLF,S,*,G,*,EVCF--,**,**,*,TRACTORTRAILERTRUCKWITHFLATBEDTRAILER
WAR.GRDTRK.EQT.GRDVEH.CVLVEH.TRTRLF.SMAL,S,*,G,*,EVCFL-,**,**,*,SMALL/LIGHTFLATBEDTRAILER,TRACTORTRAILERTRUCK
WAR.GRDTRK.EQT.GRDVEH.CVLVEH.TRTRLF.MDM,S,*,G,*,EVCFM-,**,**,*,MEDIUMFLATBEDTRAILER,TRACTORTRAILERTRUCK
WAR.GRDTRK.EQT.GRDVEH.CVLVEH.TRTRLF.LRG,S,*,G,*,EVCFH-,**,**,*,LARGE/HEAVYFLATBEDTRAILER,TRACTORTRAILERTRUCK
WAR.GRDTRK.EQT.GRDVEH.PKAN,S,*,G,*,EVM---,**,**,*,PACKANIMAL(S)
WAR.GRDTRK.EQT.GRDVEH.MSLSPT,S,*,G,*,EVS---,**,**,*,MISSILESUPPORTVEHICLE
WAR.GRDTRK.EQT.GRDVEH.MSLSPT.TLDR,S,*,G,*,EVST--,**,**,*,MISSILESUPPORTVEHICLETRANSLOADER
WAR.GRDTRK.EQT.GRDVEH.MSLSPT.TPTR,S,*,G,*,EVSR--,**,**,*,MISSILESUPPORTVEHICLETRANSPORTER
WAR.GRDTRK.EQT.GRDVEH.MSLSPT.CRN,S,*,G,*,EVSC--,**,**,*,MISSILESUPPORTVEHICLECRANE/LOADINGDEVICE
WAR.GRDTRK.EQT.GRDVEH.MSLSPT.PLNT,S,*,G,*,EVSP--,**,**,*,MISSILESUPPORTVEHICLEPROPELLANTTRANSPORTER
WAR.GRDTRK.EQT.GRDVEH.MSLSPT.WH,S,*,G,*,EVSW--,**,**,*,MISSILESUPPORTVEHICLEWARHEADTRANSPORTER
WAR.GRDTRK.EQT.SNS,S,*,G,*,ES----,**,**,*,SENSOR
WAR.GRDTRK.EQT.SNS.RAD,S,*,G,*,ESR---,**,**,*,RADAR
WAR.GRDTRK.EQT.SNS.EMP,S,*,G,*,ESE---,**,**,*,EMPLACEDSENSOR
WAR.GRDTRK.EQT.SPL,S,*,G,*,EX----,**,**,*,SPECIALEQUIPMENT
WAR.GRDTRK.EQT.SPL.IED,S,*,G,*,EXI---,**,**,*,IMPROVISEDEXPLOSIVEDEVICE
WAR.GRDTRK.EQT.SPL.LSR,S,*,G,*,EXL---,**,**,*,LASER
WAR.GRDTRK.EQT.SPL.CBRNEQ,S,*,G,*,EXN---,**,**,*,CBRNEQUIPMENT
WAR.GRDTRK.EQT.SPL.FLMTHR,S,*,G,*,EXF---,**,**,*,FLAMETHROWER
WAR.GRDTRK.EQT.SPL.LNDMNE,S,*,G,*,EXM---,**,**,*,LANDMINES
WAR.GRDTRK.EQT.SPL.LNDMNE.CLM,S,*,G,*,EXMC--,**,**,*,CLAYMORE
WAR.GRDTRK.EQT.SPL.LNDMNE.LTL,S,*,G,*,EXML--,**,**,*,LESSTHANLETHAL
WAR.GRDTRK.INS,S,*,G,*,I-----,H*,**,*,INSTALLATION
WAR.GRDTRK.INS.RMP,S,*,G,*,IR----,H*,**,*,RAWMATERIALPRODUCTION/STORAGE
WAR.GRDTRK.INS.RMP.MNE,S,*,G,*,IRM---,H*,**,*,MINE
WAR.GRDTRK.INS.RMP.PGO,S,*,G,*,IRP---,H*,**,*,PETROLEUM/GAS/OIL
WAR.GRDTRK.INS.RMP.CBRN,S,*,G,*,IRN---,H*,**,*,CBRN
WAR.GRDTRK.INS.RMP.CBRN.BIO,S,*,G,*,IRNB--,H*,**,*,BIOLOGICAL
WAR.GRDTRK.INS.RMP.CBRN.CML,S,*,G,*,IRNC--,H*,**,*,CHEMICAL
WAR.GRDTRK.INS.RMP.CBRN.NUC,S,*,G,*,IRNN--,H*,**,*,NUCLEAR
WAR.GRDTRK.INS.PF,S,*,G,*,IP----,H*,**,*,PROCESSINGFACILITY
WAR.GRDTRK.INS.PF.DECON,S,*,G,*,IPD---,H*,**,*,DECONTAMINATION
WAR.GRDTRK.INS.EQTMNF,S,*,G,*,IE----,H*,**,*,EQUIPMENTMANUFACTURE
WAR.GRDTRK.INS.SRUF,S,*,G,*,IU----,H*,**,*,SERVICE,RESEARCH,UTILITYFACILITY
WAR.GRDTRK.INS.SRUF.TRF,S,*,G,*,IUR---,H*,**,*,TECHNOLOGICALRESEARCHFACILITY
WAR.GRDTRK.INS.SRUF.TCF,S,*,G,*,IUT---,H*,**,*,TELECOMMUNICATIONSFACILITY
WAR.GRDTRK.INS.SRUF.EPF,S,*,G,*,IUE---,H*,**,*,ELECTRICPOWERFACILITY
WAR.GRDTRK.INS.SRUF.EPF.NPT,S,*,G,*,IUEN--,H*,**,*,NUCLEARPLANT
WAR.GRDTRK.INS.SRUF.EPF.DAM,S,*,G,*,IUED--,H*,**,*,DAM
WAR.GRDTRK.INS.SRUF.EPF.FOSF,S,*,G,*,IUEF--,H*,**,*,FOSSILFUEL
WAR.GRDTRK.INS.SRUF.PWS,S,*,G,*,IUP---,H*,**,*,PUBLICWATERSERVICES
WAR.GRDTRK.INS.MMF,S,*,G,*,IM----,H*,**,*,MILITARYMATERIELFACILITY
WAR.GRDTRK.INS.MMF.NENY,S,*,G,*,IMF---,H*,**,*,NUCLEARENERGY
WAR.GRDTRK.INS.MMF.NENY.ATMER,S,*,G,*,IMFA--,H*,**,*,ATOMICENERGYREACTOR
WAR.GRDTRK.INS.MMF.NENY.NMP,S,*,G,*,IMFP--,H*,**,*,NUCLEARMATERIALPRODUCTION
WAR.GRDTRK.INS.MMF.NENY.NMP.WPNGR,S,*,G,*,IMFPW-,H*,**,*,WEAPONSGRADE
WAR.GRDTRK.INS.MMF.NENY.NMS,S,*,G,*,IMFS--,H*,**,*,NUCLEARMATERIALSTORAGE
WAR.GRDTRK.INS.MMF.APA,S,*,G,*,IMA---,H*,**,*,AIRCRAFTPRODUCTION&ASSEMBLY
WAR.GRDTRK.INS.MMF.AMEP,S,*,G,*,IME---,H*,**,*,AMMUNITIONANDEXPLOSIVESPRODUCTION
WAR.GRDTRK.INS.MMF.AMTP,S,*,G,*,IMG---,H*,**,*,ARMAMENTPRODUCTION
WAR.GRDTRK.INS.MMF.MILVP,S,*,G,*,IMV---,H*,**,*,MILITARYVEHICLEPRODUCTION
WAR.GRDTRK.INS.MMF.ENGEP,S,*,G,*,IMN---,H*,**,*,ENGINEERINGEQUIPMENTPRODUCTION
WAR.GRDTRK.INS.MMF.ENGEP.BRG,S,*,G,*,IMNB--,H*,**,*,BRIDGE
WAR.GRDTRK.INS.MMF.CBWP,S,*,G,*,IMC---,H*,**,*,CHEMICAL&BIOLOGICALWARFAREPRODUCTION
WAR.GRDTRK.INS.MMF.SHPCSN,S,*,G,*,IMS---,H*,**,*,SHIPCONSTRUCTION
WAR.GRDTRK.INS.MMF.MSSP,S,*,G,*,IMM---,H*,**,*,MISSILE&SPACESYSTEMPRODUCTION
WAR.GRDTRK.INS.GOVLDR,S,*,G,*,IG----,H*,**,*,GOVERNMENTLEADERSHIP
WAR.GRDTRK.INS.MILBF,S,*,G,*,IB----,H*,**,*,MILITARYBASE/FACILITY
WAR.GRDTRK.INS.MILBF.AB,S,*,G,*,IBA---,H*,**,*,AIRPORT/AIRBASE
WAR.GRDTRK.INS.MILBF.SP,S,*,G,*,IBN---,H*,**,*,SEAPORT/NAVALBASE
WAR.GRDTRK.INS.TSPF,S,*,G,*,IT----,H*,**,*,TRANSPORTFACILITY
WAR.GRDTRK.INS.MEDF,S,*,G,*,IX----,H*,**,*,MEDICALFACILITY
WAR.GRDTRK.INS.MEDF.HSP,S,*,G,*,IXH---,H*,**,*,HOSPITAL
WAR.SSUF,S,*,S,*,------,**,**,*,SEASURFACETRACK
WAR.SSUF.CBTT,S,*,S,*,C-----,**,**,*,COMBATANT
WAR.SSUF.CBTT.LNE,S,*,S,*,CL----,**,**,*,LINE
WAR.SSUF.CBTT.LNE.CRR,S,*,S,*,CLCV--,**,**,*,CARRIER
WAR.SSUF.CBTT.LNE.BBS,S,*,S,*,CLBB--,**,**,*,BATTLESHIP
WAR.SSUF.CBTT.LNE.CRU,S,*,S,*,CLCC--,**,**,*,CRUISER
WAR.SSUF.CBTT.LNE.DD,S,*,S,*,CLDD--,**,**,*,DESTROYER
WAR.SSUF.CBTT.LNE.FFR,S,*,S,*,CLFF--,**,**,*,FRIGATE/CORVETTE
WAR.SSUF.CBTT.LNE.LL,S,*,S,*,CLLL--,**,**,*,LITTORALCOMBATANT
WAR.SSUF.CBTT.LNE.LL.ASBW,S,*,S,*,CLLLAS,**,**,*,ANTISUBMARINEWARFAREMISSIONPACKAGE
WAR.SSUF.CBTT.LNE.LL.MNEW,S,*,S,*,CLLLMI,**,**,*,MINEWARFAREMISSIONPACKAGE
WAR.SSUF.CBTT.LNE.LL.SUW,S,*,S,*,CLLLSU,**,**,*,SURFACEWARFARE(SUW)MISSIONPACKAGE
WAR.SSUF.CBTT.AMPWS,S,*,S,*,CA----,**,**,*,AMPHIBIOUSWARFARESHIP
WAR.SSUF.CBTT.AMPWS.ASTVES,S,*,S,*,CALA--,**,**,*,ASSAULTVESSEL
WAR.SSUF.CBTT.AMPWS.LNDSHP,S,*,S,*,CALS--,**,**,*,LANDINGSHIP
WAR.SSUF.CBTT.AMPWS.LNDSHP.MDM,S,*,S,*,CALSM-,**,**,*,LANDINGSHIPMEDIUM
WAR.SSUF.CBTT.AMPWS.LNDSHP.TANK,S,*,S,*,CALST-,**,**,*,LANDINGSHIPTANK
WAR.SSUF.CBTT.AMPWS.LNDCRT,S,*,S,*,CALC--,**,**,*,LANDINGCRAFT
WAR.SSUF.CBTT.MNEWV,S,*,S,*,CM----,**,**,*,MINEWARFAREVESSEL
WAR.SSUF.CBTT.MNEWV.MNELYR,S,*,S,*,CMML--,**,**,*,MINELAYER
WAR.SSUF.CBTT.MNEWV.MNESWE,S,*,S,*,CMMS--,**,**,*,MINESWEEPER
WAR.SSUF.CBTT.MNEWV.MNEHNT,S,*,S,*,CMMH--,**,**,*,MINEHUNTER
WAR.SSUF.CBTT.MNEWV.MCMSUP,S,*,S,*,CMMA--,**,**,*,MCMSUPPORT
WAR.SSUF.CBTT.PAT,S,*,S,*,CP----,**,**,*,PATROL
WAR.SSUF.CBTT.PAT.ASBW,S,*,S,*,CPSB--,**,**,*,ANTISUBMARINEWARFARE
WAR.SSUF.CBTT.PAT.ASUW,S,*,S,*,CPSU--,**,**,*,ANTISURFACEWARFARE
WAR.SSUF.CBTT.PAT.ASUW.ASMSL,S,*,S,*,CPSUM-,**,**,*,ANTISHIPMISSILEPATROLCRAFT
WAR.SSUF.CBTT.PAT.ASUW.TPD,S,*,S,*,CPSUT-,**,**,*,TORPEDOPATROLCRAFT
WAR.SSUF.CBTT.PAT.ASUW.GUN,S,*,S,*,CPSUG-,**,**,*,GUNPATROLCRAFT
WAR.SSUF.CBTT.HOV,S,*,S,*,CH----,**,**,*,HOVERCRAFT
WAR.SSUF.CBTT.NAVGRP,S,*,S,*,G-----,**,**,*,NAVYGROUP
WAR.SSUF.CBTT.NAVGRP.NAVTF,S,*,S,*,GT----,**,**,*,NAVYTASKFORCE
WAR.SSUF.CBTT.NAVGRP.NAVTG,S,*,S,*,GG----,**,**,*,NAVYTASKGROUP
WAR.SSUF.CBTT.NAVGRP.NAVTU,S,*,S,*,GU----,**,**,*,NAVYTASKUNIT
WAR.SSUF.CBTT.NAVGRP.CNY,S,*,S,*,GC----,**,**,*,CONVOY
WAR.SSUF.CBTT.SUFDCY,S,*,S,*,CD----,**,**,*,SURFACEDECOY
WAR.SSUF.CBTT.USV,S,*,S,*,CU----,**,**,*,UNMANNEDSURFACEVEHICLE
WAR.SSUF.CBTT.USV.MNECM,S,*,S,*,CUM---,**,**,*,MINECOUNTERMEASURESSURFACEDRONE
WAR.SSUF.CBTT.USV.ASBW,S,*,S,*,CUS---,**,**,*,ANTISUBMARINEWARFARESURFACEDRONE
WAR.SSUF.CBTT.USV.ASUW,S,*,S,*,CUN---,**,**,*,ANTISURFACEWARFARESURFACEDRONE
WAR.SSUF.CBTT.USV.RMV,S,*,S,*,CUR---,**,**,*,REMOTEMULTIMISSIONVEHICLE
WAR.SSUF.NCBTT,S,*,S,*,N-----,**,**,*,NONCOMBATANT
WAR.SSUF.NCBTT.UWRPM,S,*,S,*,NR----,**,**,*,UNDERWAYREPLENISHMENT
WAR.SSUF.NCBTT.FLTSUP,S,*,S,*,NF----,**,**,*,FLEETSUPPORT
WAR.SSUF.NCBTT.INT,S,*,S,*,NI----,**,**,*,INTELLIGENCE
WAR.SSUF.NCBTT.SSH,S,*,S,*,NS----,**,**,*,SERVICE&SUPPORTHARBOR
WAR.SSUF.NCBTT.HSPSHP,S,*,S,*,NM----,**,**,*,HOSPITALSHIP
WAR.SSUF.NCBTT.HOV,S,*,S,*,NH----,**,**,*,HOVERCRAFT
WAR.SSUF.NMIL,S,*,S,*,X-----,**,**,*,NON-MILITARY
WAR.SSUF.NMIL.MCT,S,*,S,*,XM----,**,**,*,MERCHANT
WAR.SSUF.NMIL.MCT.CGO,S,*,S,*,XMC---,**,**,*,CARGO
WAR.SSUF.NMIL.MCT.RORO,S,*,S,*,XMR---,**,**,*,ROLLON/ROLLOFF
WAR.SSUF.NMIL.MCT.OLR,S,*,S,*,XMO---,**,**,*,OILER/TANKER
WAR.SSUF.NMIL.MCT.TUG,S,*,S,*,XMTU--,**,**,*,TUG
WAR.SSUF.NMIL.MCT.FRY,S,*,S,*,XMF---,**,**,*,FERRY
WAR.SSUF.NMIL.MCT.PSG,S,*,S,*,XMP---,**,**,*,PASSENGER
WAR.SSUF.NMIL.MCT.HAZMAT,S,*,S,*,XMH---,**,**,*,HAZARDOUSMATERIALS(HAZMAT)
WAR.SSUF.NMIL.MCT.TOWVES,S,*,S,*,XMTO--,**,**,*,TOWINGVESSEL
WAR.SSUF.NMIL.FSG,S,*,S,*,XF----,**,**,*,FISHING
WAR.SSUF.NMIL.FSG.DRFT,S,*,S,*,XFDF--,**,**,*,DRIFTER
WAR.SSUF.NMIL.FSG.DRG,S,*,S,*,XFDR--,**,**,*,DREDGE
WAR.SSUF.NMIL.FSG.TRW,S,*,S,*,XFTR--,**,**,*,TRAWLER
WAR.SSUF.NMIL.LESCRT,S,*,S,*,XR----,**,**,*,LEISURECRAFT
WAR.SSUF.NMIL.LAWENV,S,*,S,*,XL----,**,**,*,LAWENFORCEMENTVESSEL
WAR.SSUF.NMIL.HOV,S,*,S,*,XH----,**,**,*,HOVERCRAFT
WAR.SSUF.NMIL.FSTREC,S,*,S,*,XA----,**,**,*,FASTRECREACTIONALCRAFT
WAR.SSUF.NMIL.FSTREC.RHIB,S,*,S,*,XAR---,**,**,*,RIGID-HULLINFLATABLEBOAT
WAR.SSUF.NMIL.FSTREC.SPDBT,S,*,S,*,XAS---,**,**,*,SPEEDBOAT
WAR.SSUF.NMIL.PWC,S,*,S,*,XP----,**,**,*,PERSONALWATERCRAFT
WAR.SSUF.OWN,S,*,S,*,O-----,**,**,*,OWNTRACK
WAR.SBSUF,S,*,U,*,------,**,**,*,SUBSURFACETRACK
WAR.SBSUF.SUB,S,*,U,*,S-----,**,**,*,SUBMARINE
WAR.SBSUF.SUB.SURF,S,*,U,*,SF----,**,**,*,SURFACEDSUBMARINE
WAR.SBSUF.SUB.BOTTMD,S,*,U,*,SB----,**,**,*,BOTTOMED
WAR.SBSUF.SUB.CRT,S,*,U,*,SR----,**,**,*,CERTAINSUBMARINE
WAR.SBSUF.SUB.NONSUB,S,*,U,*,SX----,**,**,*,NONSUBMARINE
WAR.SBSUF.SUB.NPRN,S,*,U,*,SN----,**,**,*,NUCLEARPROPULSION
WAR.SBSUF.SUB.NPRN.SURF,S,*,U,*,SNF---,**,**,*,SURFACEDNUCLEARPROPULSIONSUBMARINE
WAR.SBSUF.SUB.NPRN.ATK,S,*,U,*,SNA---,**,**,*,ATTACKSUBMARINE(SSN)
WAR.SBSUF.SUB.NPRN.MSL,S,*,U,*,SNM---,**,**,*,MISSILESUBMARINE(TYPEUNKNOWN)
WAR.SBSUF.SUB.NPRN.GDD,S,*,U,*,SNG---,**,**,*,GUIDEDMISSILESUBMARINE(SSGN)
WAR.SBSUF.SUB.NPRN.BLST,S,*,U,*,SNB---,**,**,*,BALLISTICMISSILESUBMARINE(SSBN)
WAR.SBSUF.SUB.CNVPRN,S,*,U,*,SC----,**,**,*,CONVENTIONALPROPULSION
WAR.SBSUF.SUB.CNVPRN.SURF,S,*,U,*,SCF---,**,**,*,SURFACEDCONVENTIONALPROPULSIONSUBMARINE
WAR.SBSUF.SUB.CNVPRN.ATK,S,*,U,*,SCA---,**,**,*,ATTACKSUBMARINE(SS)
WAR.SBSUF.SUB.CNVPRN.MSL,S,*,U,*,SCM---,**,**,*,MISSILESUBMARINE(TYPEUNKNOWN)
WAR.SBSUF.SUB.CNVPRN.GDD,S,*,U,*,SCG---,**,**,*,GUIDEDMISSILESUBMARINE(SSG)
WAR.SBSUF.SUB.CNVPRN.BLST,S,*,U,*,SCB---,**,**,*,BALLISTICMISSILESUBMARINE(SSB)
WAR.SBSUF.SUB.OTH,S,*,U,*,SO----,**,**,*,OTHERSUBMERSIBLE
WAR.SBSUF.SUB.OTH.SURF,S,*,U,*,SOF---,**,**,*,SURFACEDOTHERSUBMERSIBLE
WAR.SBSUF.SUB.UUV,S,*,U,*,SU----,**,**,*,UNMANNEDUNDERWATERVEHICLE(UUV)
WAR.SBSUF.SUB.UUV.MNEW,S,*,U,*,SUM---,**,**,*,MINEWARFARESUBSURFACEDRONE
WAR.SBSUF.SUB.UUV.ASBW,S,*,U,*,SUS---,**,**,*,ANTISUBMARINEWARFARESUBSURFACEDRONE
WAR.SBSUF.SUB.UUV.ASUW,S,*,U,*,SUN---,**,**,*,ANTISURFACEWARFARESUBSURFACEDRONE
WAR.SBSUF.SUB.POSS1,S,*,U,*,S1----,**,**,*,POSSIBLESUBMARINE1
WAR.SBSUF.SUB.POSS2,S,*,U,*,S2----,**,**,*,POSSIBLESUBMARINE2
WAR.SBSUF.SUB.POSS3,S,*,U,*,S3----,**,**,*,POSSIBLESUBMARINE3
WAR.SBSUF.SUB.POSS4,S,*,U,*,S4----,**,**,*,POSSIBLESUBMARINE4
WAR.SBSUF.SUB.PRBSUB,S,*,U,*,SL----,**,**,*,PROBABLESUBMARINE
WAR.SBSUF.SUB.SNORKL,S,*,U,*,SK----,**,**,*,SNORKELINGSUBMARINE
WAR.SBSUF.UH2WPN,S,*,U,*,W-----,**,**,*,UNDERWATERWEAPON
WAR.SBSUF.UH2WPN.TPD,S,*,U,*,WT----,**,**,*,TORPEDO
WAR.SBSUF.UH2WPN.SMNE,S,*,U,*,WM----,**,**,*,SEAMINE
WAR.SBSUF.UH2WPN.SMNE.NTRLZD,S,*,U,*,WMD---,**,**,*,SEAMINENEUTRALIZED
WAR.SBSUF.UH2WPN.SMNE.SMG,S,*,U,*,WMG---,**,**,*,SEAMINE(GROUND)
WAR.SBSUF.UH2WPN.SMNE.SMG.NTRLZD,S,*,U,*,WMGD--,**,**,*,SEAMINE(GROUND)NEUTRALIZED
WAR.SBSUF.UH2WPN.SMNE.SMG.EXER,S,*,U,*,WMGX--,**,**,*,GROUND(BOTTOM)EXERCISEMINE
WAR.SBSUF.UH2WPN.SMNE.SMG.MILEC,S,*,U,*,WMGE--,**,**,*,GROUND(BOTTOM)MINE-LIKEECHO(MILEC)
WAR.SBSUF.UH2WPN.SMNE.SMG.MILCO,S,*,U,*,WMGC--,**,**,*,GROUND(BOTTOM)MINE-LIKECONTACT(MILCO)
WAR.SBSUF.UH2WPN.SMNE.SMG.NGREAC,S,*,U,*,WMGR--,**,**,*,GROUND(BOTTOM)NEGATIVEREACQUISITION
WAR.SBSUF.UH2WPN.SMNE.SMG.NMMLCO,S,*,U,*,WMGO--,**,**,*,GROUND(BOTTOM)NON-MINEMINE-LIKECONTACT
WAR.SBSUF.UH2WPN.SMNE.SMM,S,*,U,*,WMM---,**,**,*,SEAMINE(MOORED)
WAR.SBSUF.UH2WPN.SMNE.SMM.NTRLZD,S,*,U,*,WMMD--,**,**,*,SEAMINE(MOORED)NEUTRALIZED
WAR.SBSUF.UH2WPN.SMNE.SMM.EXER,S,*,U,*,WMMX--,**,**,*,MOOREDEXERCISEMINE
WAR.SBSUF.UH2WPN.SMNE.SMM.MILEC,S,*,U,*,WMME--,**,**,*,MOOREDMINE-LIKEECHO
WAR.SBSUF.UH2WPN.SMNE.SMM.MILCO,S,*,U,*,WMMC--,**,**,*,MOOREDMINE-LIKECONTACT
WAR.SBSUF.UH2WPN.SMNE.SMM.NGREAC,S,*,U,*,WMMR--,**,**,*,MOOREDNEGATIVEREACQUISITION
WAR.SBSUF.UH2WPN.SMNE.SMM.NMMLCO,S,*,U,*,WMMO--,**,**,*,MOOREDNON-MINEMINE-LIKEOBJECT
WAR.SBSUF.UH2WPN.SMNE.SMF,S,*,U,*,WMF---,**,**,*,SEAMINE(FLOATING)
WAR.SBSUF.UH2WPN.SMNE.SMF.NTRLZD,S,*,U,*,WMFD--,**,**,*,SEAMINE(FLOATING)NEUTRALIZED
WAR.SBSUF.UH2WPN.SMNE.SMF.EXER,S,*,U,*,WMFX--,**,**,*,FLOATINGEXERCISEMINE
WAR.SBSUF.UH2WPN.SMNE.SMF.MILEC,S,*,U,*,WMFE--,**,**,*,FLOATINGMINE-LIKEECHO(MILEC)
WAR.SBSUF.UH2WPN.SMNE.SMF.MILCO,S,*,U,*,WMFC--,**,**,*,FLOATINGMINE-LIKECONTACT(MILCO)
WAR.SBSUF.UH2WPN.SMNE.SMF.NGREAC,S,*,U,*,WMFR--,**,**,*,FLOATINGNEGATIVEREACQUISITION
WAR.SBSUF.UH2WPN.SMNE.SMF.NMMLCO,S,*,U,*,WMFO--,**,**,*,FLOATINGNON-MINEMINE-LIKECONTACT
WAR.SBSUF.UH2WPN.SMNE.SMOP,S,*,U,*,WMO---,**,**,*,SEAMINE(OTHERPOSITION)
WAR.SBSUF.UH2WPN.SMNE.SMOP.NTRLZD,S,*,U,*,WMOD--,**,**,*,SEAMINE(OTHERPOSITION)NEUTRALIZED
WAR.SBSUF.UH2WPN.SMNE.EXER,S,*,U,*,WMX---,**,**,*,GENERALEXERCISEMINE
WAR.SBSUF.UH2WPN.SMNE.MILEC,S,*,U,*,WME---,**,**,*,GENERALMINE-LIKEECHO(MILEC)
WAR.SBSUF.UH2WPN.SMNE.ANCHOR,S,*,U,*,WMA---,**,**,*,GENERALMINEANCHOR
WAR.SBSUF.UH2WPN.SMNE.MILCO,S,*,U,*,WMC---,**,**,*,GENERALMINE-LIKECONTACT(MILCO)
WAR.SBSUF.UH2WPN.SMNE.NGREAC,S,*,U,*,WMR---,**,**,*,GENERALNEGATIVEREACQUISITION
WAR.SBSUF.UH2WPN.SMNE.OBSTRC,S,*,U,*,WMB---,**,**,*,GENERALOBSTRUCTOR
WAR.SBSUF.UH2WPN.SMNE.OBSTRC.NTRLZD,S,*,U,*,WMBD--,**,**,*,GENERALNEUTRALIZEDOBSTRUCTOR
WAR.SBSUF.UH2WPN.SMNE.NMMLCO,S,*,U,*,WMN---,**,**,*,GENERALNON-MINEMINE-LIKEOBJECT
WAR.SBSUF.UH2WPN.SMNE.RISING,S,*,U,*,WMS---,**,**,*,RISINGMINE
WAR.SBSUF.UH2WPN.SMNE.RISING.EXER,S,*,U,*,WMSX--,**,**,*,RISINGEXERCISEMINE
WAR.SBSUF.UH2WPN.SMNE.RISING.NTRLZD,S,*,U,*,WMSD--,**,**,*,RISINGNEUTRALIZEDMINE
WAR.SBSUF.UH2DCY,S,*,U,*,WD----,**,**,*,UNDERWATERDECOY
WAR.SBSUF.UH2DCY.SMDCY,S,*,U,*,WDM---,**,**,*,SEAMINEDECOY
WAR.SBSUF.UH2DCY.SMDCY.GRND,S,*,U,*,WDMG--,**,**,*,GROUND(BOTTOM)DECOY
WAR.SBSUF.UH2DCY.SMDCY.MOORED,S,*,U,*,WDMM--,**,**,*,MOOREDDECOY
WAR.SBSUF.NSUB,S,*,U,*,N-----,**,**,*,NON-SUBMARINE
WAR.SBSUF.NSUB.DVR,S,*,U,*,ND----,**,**,*,DIVER
WAR.SBSUF.ERL,S,*,U,*,E-----,**,**,*,ENVIRONMENTALREPORTLOCATION
WAR.SBSUF.DRL,S,*,U,*,V-----,**,**,*,DIVEREPORTLOCATION
WAR.SBSUF.UXO,S,*,U,*,X-----,**,**,*,UNEXPLODEDORDNANCEAREA
WAR.SOFUNT,S,*,F,*,------,**,**,*,SPECIALOPERATIONSFORCES(SOF)UNIT
WAR.SOFUNT.AVN,S,*,F,*,A-----,**,**,*,SOFUNITAVIATION
WAR.SOFUNT.AVN.FIXD,S,*,F,*,AF----,**,**,*,SOFUNITFIXEDWING
WAR.SOFUNT.AVN.FIXD.ATK,S,*,F,*,AFA---,**,**,*,SOFUNITATTACK
WAR.SOFUNT.AVN.FIXD.RFE,S,*,F,*,AFK---,**,**,*,SOFUNITREFUEL
WAR.SOFUNT.AVN.FIXD.UTY,S,*,F,*,AFU---,**,**,*,SOFUNITUTILITY
WAR.SOFUNT.AVN.FIXD.UTY.LIT,S,*,F,*,AFUL--,**,**,*,SOFUNITUTILITY(LIGHT)
WAR.SOFUNT.AVN.FIXD.UTY.MDM,S,*,F,*,AFUM--,**,**,*,SOFUNITUTILITY(MEDIUM)
WAR.SOFUNT.AVN.FIXD.UTY.HVY,S,*,F,*,AFUH--,**,**,*,SOFUNITUTILITY(HEAVY)
WAR.SOFUNT.AVN.VSTOL,S,*,F,*,AV----,**,**,*,SOFUNITV/STOL
WAR.SOFUNT.AVN.ROT,S,*,F,*,AH----,**,**,*,SOFUNITROTARYWING
WAR.SOFUNT.AVN.ROT.CSAR,S,*,F,*,AHH---,**,**,*,SOFUNITCOMBATSEARCHANDRESCUE
WAR.SOFUNT.AVN.ROT.ATK,S,*,F,*,AHA---,**,**,*,SOFUNITATTACK
WAR.SOFUNT.AVN.ROT.UTY,S,*,F,*,AHU---,**,**,*,SOFUNITUTILITY
WAR.SOFUNT.AVN.ROT.UTY.LIT,S,*,F,*,AHUL--,**,**,*,SOFUNITUTILITY(LIGHT)
WAR.SOFUNT.AVN.ROT.UTY.MDM,S,*,F,*,AHUM--,**,**,*,SOFUNITUTILITY(MEDIUM)
WAR.SOFUNT.AVN.ROT.UTY.HVY,S,*,F,*,AHUH--,**,**,*,SOFUNITUTILITY(HEAVY)
WAR.SOFUNT.NAV,S,*,F,*,N-----,**,**,*,SOFUNITSOFUNITNAVAL
WAR.SOFUNT.NAV.SEAL,S,*,F,*,NS----,**,**,*,SOFUNITSEAL
WAR.SOFUNT.NAV.UH2DML,S,*,F,*,NU----,**,**,*,SOFUNITUNDERWATERDEMOLITIONTEAM
WAR.SOFUNT.NAV.SBT,S,*,F,*,NB----,**,**,*,SOFUNITSPECIALBOAT
WAR.SOFUNT.NAV.SSSNR,S,*,F,*,NN----,**,**,*,SOFUNITSPECIALSSNR
WAR.SOFUNT.GRD,S,*,F,*,G-----,**,**,*,SOFUNITGROUND
WAR.SOFUNT.GRD.SOF,S,*,F,*,GS----,**,**,*,SOFUNITSPECIALFORCES
WAR.SOFUNT.GRD.RGR,S,*,F,*,GR----,**,**,*,SOFUNITRANGER
WAR.SOFUNT.GRD.PSYOP,S,*,F,*,GP----,**,**,*,SOFUNITPSYCHOLOGICALOPERATIONS(PSYOP)
WAR.SOFUNT.GRD.PSYOP.FIXAVN,S,*,F,*,GPA---,**,**,*,SOFUNITFIXEDWINGAVIATION
WAR.SOFUNT.GRD.CVLAFF,S,*,F,*,GC----,**,**,*,SOFUNITCIVILAFFAIRS
WAR.SOFUNT.SUP,S,*,F,*,B-----,**,**,*,SOFUNITSUPPORT
TACGRP,G,*,-,-,------,--,--,X,TACTICALGRAPHICS
TACGRP.TSK,G,*,T,*,------,**,**,X,TASKS
TACGRP.TSK.BLK,G,*,T,*,B-----,**,**,X,BLOCK
TACGRP.TSK.BRH,G,*,T,*,H-----,**,**,X,BREACH
TACGRP.TSK.BYS,G,*,T,*,Y-----,**,**,X,BYPASS
TACGRP.TSK.CNZ,G,*,T,*,C-----,**,**,X,CANALIZE
TACGRP.TSK.CLR,G,*,T,*,X-----,**,**,X,CLEAR
TACGRP.TSK.CNT,G,*,T,*,J-----,**,**,X,CONTAIN
TACGRP.TSK.CATK,G,*,T,*,K-----,**,**,X,COUNTERATTACK(CATK)
TACGRP.TSK.CATK.CATKF,G,*,T,*,KF----,**,**,X,COUNTERATTACKBYFIRE
TACGRP.TSK.DLY,G,*,T,*,L-----,**,**,X,DELAY
TACGRP.TSK.DSTY,G,*,T,*,D-----,**,**,X,DESTROY
TACGRP.TSK.DRT,G,*,T,*,T-----,**,**,X,DISRUPT
TACGRP.TSK.FIX,G,*,T,*,F-----,**,**,X,FIX
TACGRP.TSK.FLWASS,G,*,T,*,A-----,**,**,X,FOLLOWANDASSUME
TACGRP.TSK.FLWASS.FLWSUP,G,*,T,*,AS----,**,**,X,FOLLOWANDSUPPORT
TACGRP.TSK.ITDT,G,*,T,*,I-----,**,**,X,INTERDICT
TACGRP.TSK.ISL,G,*,T,*,E-----,**,**,X,ISOLATE
TACGRP.TSK.NEUT,G,*,T,*,N-----,**,**,X,NEUTRALIZE
TACGRP.TSK.OCC,G,*,T,*,O-----,**,**,X,OCCUPY
TACGRP.TSK.PNE,G,*,T,*,P-----,**,**,X,PENETRATE
TACGRP.TSK.RIP,G,*,T,*,R-----,**,**,X,RELIEFINPLACE(RIP)
TACGRP.TSK.RTN,G,*,T,*,Q-----,**,**,X,RETAIN
TACGRP.TSK.RTM,G,*,T,*,M-----,**,**,X,RETIREMENT
TACGRP.TSK.SCE,G,*,T,*,S-----,**,**,X,SECURE
TACGRP.TSK.SEC,G,-,T,*,U-----,--,--,X,SECURITY
TACGRP.TSK.SEC.SCN,G,*,T,*,US----,**,**,X,SCREEN
TACGRP.TSK.SEC.GUD,G,*,T,*,UG----,**,**,X,GUARD
TACGRP.TSK.SEC.COV,G,*,T,*,UC----,**,**,X,COVER
TACGRP.TSK.SZE,G,*,T,*,Z-----,**,**,X,SEIZE
TACGRP.TSK.WDR,G,*,T,*,W-----,**,**,X,WITHDRAW
TACGRP.TSK.WDR.WDRUP,G,*,T,*,WP----,**,**,X,WITHDRAWUNDERPRESSURE
TACGRP.C2GM,G,*,G,*,------,**,**,X,COMMANDANDCONTROLANDGENERALMANEUVER
TACGRP.C2GM.GNL,G,*,G,*,G-----,**,**,X,GENERAL
TACGRP.C2GM.GNL.PNT,G,*,G,*,GP----,**,**,X,POINTS
TACGRP.C2GM.GNL.PNT.USW,G,*,G,*,GPU---,**,**,X,UNDERSEAWARFARE
TACGRP.C2GM.GNL.PNT.USW.UH2,G,*,G,*,GPUU--,**,**,X,UNDERWATER
TACGRP.C2GM.GNL.PNT.USW.UH2.DTM,G,*,G,*,GPUUD-,**,**,X,DATUM
TACGRP.C2GM.GNL.PNT.USW.UH2.BCON,G,*,G,*,GPUUB-,**,**,X,BRIEFCONTACT
TACGRP.C2GM.GNL.PNT.USW.UH2.LCON,G,*,G,*,GPUUL-,**,**,X,LOSTCONTACT
TACGRP.C2GM.GNL.PNT.USW.UH2.SNK,G,*,G,*,GPUUS-,**,**,X,SINKER
TACGRP.C2GM.GNL.PNT.USW.SNBY,G,*,G,*,GPUY--,**,**,X,SONOBUOY
TACGRP.C2GM.GNL.PNT.USW.SNBY.PTNCTR,G,*,G,*,GPUYP-,**,**,X,PATTERNCENTER
TACGRP.C2GM.GNL.PNT.USW.SNBY.DIFAR,G,*,G,*,GPUYD-,**,**,X,DIRECTIONALFREQUENCYANALYZINGANDRECORDING(DIFAR)
TACGRP.C2GM.GNL.PNT.USW.SNBY.LOFAR,G,*,G,*,GPUYL-,**,**,X,LOWFREQUENCYANALYZINGANDRECORDING(LOFAR)
TACGRP.C2GM.GNL.PNT.USW.SNBY.CASS,G,*,G,*,GPUYC-,**,**,X,COMMANDACTIVESONOBUOYSYSTEM(CASS)
TACGRP.C2GM.GNL.PNT.USW.SNBY.DICASS,G,*,G,*,GPUYS-,**,**,X,DIRECTIONALCOMMANDACTIVESONOBUOYSYSTEM(DICASS)
TACGRP.C2GM.GNL.PNT.USW.SNBY.BT,G,*,G,*,GPUYB-,**,**,X,BATHYTHERMOGRAPHTRANSMITTING(BT)
TACGRP.C2GM.GNL.PNT.USW.SNBY.ANM,G,*,G,*,GPUYA-,**,**,X,ANM
TACGRP.C2GM.GNL.PNT.USW.SNBY.VLAD,G,*,G,*,GPUYV-,**,**,X,VERTICALLINEARRAYDIFAR(VLAD)
TACGRP.C2GM.GNL.PNT.USW.SNBY.ATAC,G,*,G,*,GPUYT-,**,**,X,ATAC
TACGRP.C2GM.GNL.PNT.USW.SNBY.RO,G,*,G,*,GPUYR-,**,**,X,RANGEONLY(RO)
TACGRP.C2GM.GNL.PNT.USW.SNBY.KGP,G,*,G,*,GPUYK-,**,**,X,KINGPIN
TACGRP.C2GM.GNL.PNT.USW.SNBY.EXP,G,*,G,*,GPUYX-,**,**,*,SONOBUOY-EXPIRED
TACGRP.C2GM.GNL.PNT.USW.SRH,G,*,G,*,GPUS--,**,**,X,SEARCH
TACGRP.C2GM.GNL.PNT.USW.SRH.ARA,G,*,G,*,GPUSA-,**,**,X,SEARCHAREA
TACGRP.C2GM.GNL.PNT.USW.SRH.DIPPSN,G,*,G,*,GPUSD-,**,**,X,DIPPOSITION
TACGRP.C2GM.GNL.PNT.USW.SRH.CTR,G,*,G,*,GPUSC-,**,**,X,SEARCHCENTER
TACGRP.C2GM.GNL.PNT.REFPNT,G,*,G,*,GPR---,**,**,X,REFERENCEPOINT
TACGRP.C2GM.GNL.PNT.REFPNT.NAVREF,G,*,G,*,GPRN--,**,**,X,NAVIGATIONALREFERENCEPOINT
TACGRP.C2GM.GNL.PNT.REFPNT.SPLPNT,G,*,G,*,GPRS--,**,**,X,SPECIALPOINT
TACGRP.C2GM.GNL.PNT.REFPNT.DLRP,G,*,G,*,GPRD--,**,**,X,DLRP
TACGRP.C2GM.GNL.PNT.REFPNT.PIM,G,*,G,*,GPRP--,**,**,X,POINTOFINTENDEDMOVEMENT(PIM)
TACGRP.C2GM.GNL.PNT.REFPNT.MRSH,G,*,G,*,GPRM--,**,**,X,MARSHALLPOINT
TACGRP.C2GM.GNL.PNT.REFPNT.WAP,G,*,G,*,GPRW--,**,**,X,WAYPOINT
TACGRP.C2GM.GNL.PNT.REFPNT.CRDRTB,G,*,G,*,GPRC--,**,**,X,CORRIDORTAB
TACGRP.C2GM.GNL.PNT.REFPNT.PNTINR,G,*,G,*,GPRI--,**,**,X,POINTOFINTEREST
TACGRP.C2GM.GNL.PNT.WPN,G,*,G,*,GPW---,**,**,X,WEAPON
TACGRP.C2GM.GNL.PNT.WPN.AIMPNT,G,*,G,*,GPWA--,**,**,X,AIMPOINT
TACGRP.C2GM.GNL.PNT.WPN.DRPPNT,G,*,G,*,GPWD--,**,**,X,DROPPOINT
TACGRP.C2GM.GNL.PNT.WPN.ENTPNT,G,*,G,*,GPWE--,**,**,X,ENTRYPOINT
TACGRP.C2GM.GNL.PNT.WPN.GRDZRO,G,*,G,*,GPWG--,**,**,X,GROUNDZERO
TACGRP.C2GM.GNL.PNT.WPN.MSLPNT,G,*,G,*,GPWM--,**,**,X,MSLDETECTPOINT
TACGRP.C2GM.GNL.PNT.WPN.IMTPNT,G,*,G,*,GPWI--,**,**,X,IMPACTPOINT
TACGRP.C2GM.GNL.PNT.WPN.PIPNT,G,*,G,*,GPWP--,**,**,X,PREDICTEDIMPACTPOINT
TACGRP.C2GM.GNL.PNT.FRMN,G,*,G,*,GPF---,**,**,X,FORMATION
TACGRP.C2GM.GNL.PNT.HBR,G,*,G,*,GPH---,**,**,X,HARBOR(GENERAL)
TACGRP.C2GM.GNL.PNT.HBR.PNTQ,G,*,G,*,GPHQ--,**,**,X,POINTQ
TACGRP.C2GM.GNL.PNT.HBR.PNTA,G,*,G,*,GPHA--,**,**,X,POINTA
TACGRP.C2GM.GNL.PNT.HBR.PNTY,G,*,G,*,GPHY--,**,**,X,POINTY
TACGRP.C2GM.GNL.PNT.HBR.PNTX,G,*,G,*,GPHX--,**,**,X,POINTX
TACGRP.C2GM.GNL.PNT.RTE,G,*,G,*,GPO---,**,**,X,ROUTE
TACGRP.C2GM.GNL.PNT.RTE.RDV,G,*,G,*,GPOZ--,**,**,X,RENDEZVOUS
TACGRP.C2GM.GNL.PNT.RTE.DVSN,G,*,G,*,GPOD--,**,**,X,DIVERSIONS
TACGRP.C2GM.GNL.PNT.RTE.WAP,G,*,G,*,GPOW--,**,**,X,WAYPOINT
TACGRP.C2GM.GNL.PNT.RTE.PIM,G,*,G,*,GPOP--,**,**,X,PIM
TACGRP.C2GM.GNL.PNT.RTE.PNTR,G,*,G,*,GPOR--,**,**,X,POINTR
TACGRP.C2GM.GNL.PNT.ACTL,G,*,G,*,GPA---,**,**,X,AIRCONTROL
TACGRP.C2GM.GNL.PNT.ACTL.CAP,G,*,G,*,GPAP--,**,**,X,COMBATAIRPATROL(CAP)
TACGRP.C2GM.GNL.PNT.ACTL.ABNEW,G,*,G,*,GPAW--,**,**,X,AIRBORNEEARLYWARNING(AEW)
TACGRP.C2GM.GNL.PNT.ACTL.TAK,G,*,G,*,GPAK--,**,**,X,TANKING
TACGRP.C2GM.GNL.PNT.ACTL.ASBWF,G,*,G,*,GPAA--,**,**,X,ANTISUBMARINEWARFARE,FIXEDWING
TACGRP.C2GM.GNL.PNT.ACTL.ASBWR,G,*,G,*,GPAH--,**,**,X,ANTISUBMARINEWARFARE,ROTARYWING
TACGRP.C2GM.GNL.PNT.ACTL.SUWF,G,*,G,*,GPAB--,**,**,X,SUCAP-FIXEDWING
TACGRP.C2GM.GNL.PNT.ACTL.SUWR,G,*,G,*,GPAC--,**,**,X,SUCAP-ROTARYWING
TACGRP.C2GM.GNL.PNT.ACTL.MIWF,G,*,G,*,GPAD--,**,**,X,MIW-FIXEDWING
TACGRP.C2GM.GNL.PNT.ACTL.MIWR,G,*,G,*,GPAE--,**,**,X,MIW-ROTARYWING
TACGRP.C2GM.GNL.PNT.ACTL.SKEIP,G,*,G,*,GPAS--,**,**,X,STRIKEIP
TACGRP.C2GM.GNL.PNT.ACTL.TCN,G,*,G,*,GPAT--,**,**,X,TACAN
TACGRP.C2GM.GNL.PNT.ACTL.TMC,G,*,G,*,GPAO--,**,**,X,TOMCAT
TACGRP.C2GM.GNL.PNT.ACTL.RSC,G,*,G,*,GPAR--,**,**,X,RESCUE
TACGRP.C2GM.GNL.PNT.ACTL.RPH,G,*,G,*,GPAL--,**,**,X,REPLENISH
TACGRP.C2GM.GNL.PNT.ACTL.UA,G,*,G,*,GPAF--,**,**,X,UNMANNEDAERIALSYSTEM(UAS/UA)
TACGRP.C2GM.GNL.PNT.ACTL.VTUA,G,*,G,*,GPAG--,**,**,X,VTUA
TACGRP.C2GM.GNL.PNT.ACTL.ORB,G,*,G,*,GPAI--,**,**,X,ORBIT
TACGRP.C2GM.GNL.PNT.ACTL.ORBF8,G,*,G,*,GPAJ--,**,**,X,ORBIT-FIGUREEIGHT
TACGRP.C2GM.GNL.PNT.ACTL.ORBRT,G,*,G,*,GPAM--,**,**,X,ORBIT-RACETRACK
TACGRP.C2GM.GNL.PNT.ACTL.ORBRD,G,*,G,*,GPAN--,**,**,X,ORBIT-RANDOM,CLOSED
TACGRP.C2GM.GNL.PNT.ACTPNT,G,*,G,*,GPP---,**,**,X,ACTIONPOINTS(GENERAL)
TACGRP.C2GM.GNL.PNT.ACTPNT.CHKPNT,G,*,G,*,GPPK--,**,**,X,CHECKPOINT
TACGRP.C2GM.GNL.PNT.ACTPNT.CONPNT,G,*,G,*,GPPC--,**,**,X,CONTACTPOINT
TACGRP.C2GM.GNL.PNT.ACTPNT.CRDPNT,G,*,G,*,GPPO--,**,**,X,COORDINATIONPOINT
TACGRP.C2GM.GNL.PNT.ACTPNT.DCNPNT,G,*,G,*,GPPD--,**,**,X,DECISIONPOINT
TACGRP.C2GM.GNL.PNT.ACTPNT.LNKUPT,G,*,G,*,GPPL--,**,**,X,LINKUPPOINT
TACGRP.C2GM.GNL.PNT.ACTPNT.PSSPNT,G,*,G,*,GPPP--,**,**,X,PASSAGEPOINT
TACGRP.C2GM.GNL.PNT.ACTPNT.RAYPNT,G,*,G,*,GPPR--,**,**,X,RALLYPOINT
TACGRP.C2GM.GNL.PNT.ACTPNT.RELPNT,G,*,G,*,GPPE--,**,**,X,RELEASEPOINT
TACGRP.C2GM.GNL.PNT.ACTPNT.STRPNT,G,*,G,*,GPPS--,**,**,X,STARTPOINT
TACGRP.C2GM.GNL.PNT.ACTPNT.AMNPNT,G,*,G,*,GPPA--,**,**,X,AMNESTYPOINT
TACGRP.C2GM.GNL.PNT.ACTPNT.WAP,G,*,G,*,GPPW--,**,**,X,WAYPOINT
TACGRP.C2GM.GNL.PNT.SCTL,G,*,G,*,GPC---,**,**,X,SEASURFACECONTROLSTATION
TACGRP.C2GM.GNL.PNT.SCTL.USV,G,*,G,*,GPCU--,**,**,X,UNMANNEDSURFACEVEHICLE(USV)CONTROLSTATION
TACGRP.C2GM.GNL.PNT.SCTL.USV.RMV,G,*,G,*,GPCUR-,**,**,X,REMOTEMULTIMISSIONVEHICLE(RMV)USVCONTROLSTATION
TACGRP.C2GM.GNL.PNT.SCTL.USV.ASW,G,*,G,*,GPCUA-,**,**,X,USV-ANTISUBMARINEWARFARECONTROLSTATION
TACGRP.C2GM.GNL.PNT.SCTL.USV.SUW,G,*,G,*,GPCUS-,**,**,X,USV-SURFACEWARFARECONTROLSTATION
TACGRP.C2GM.GNL.PNT.SCTL.USV.MIW,G,*,G,*,GPCUM-,**,**,X,USV-MINEWARFARECONTROLSTATION
TACGRP.C2GM.GNL.PNT.SCTL.ASW,G,*,G,*,GPCA--,**,**,X,ASWCONTROLSTATION
TACGRP.C2GM.GNL.PNT.SCTL.SUW,G,*,G,*,GPCS--,**,**,X,SUWCONTROLSTATION
TACGRP.C2GM.GNL.PNT.SCTL.MIW,G,*,G,*,GPCM--,**,**,X,MIWCONTROLSTATION
TACGRP.C2GM.GNL.PNT.SCTL.PKT,G,*,G,*,GPCP--,**,**,X,PICKETCONTROLSTATION
TACGRP.C2GM.GNL.PNT.SCTL.RDV,G,*,G,*,GPCR--,**,**,X,RENDEZVOUSCONTROLPOINT
TACGRP.C2GM.GNL.PNT.SCTL.RSC,G,*,G,*,GPCC--,**,**,X,RESCUECONTROLPOINT
TACGRP.C2GM.GNL.PNT.SCTL.REP,G,*,G,*,GPCE--,**,**,X,REPLENISHMENTCONTROLPOINT
TACGRP.C2GM.GNL.PNT.SCTL.NCBTT,G,*,G,*,GPCN--,**,**,X,NONCOMBATANTCONTROLSTATION
TACGRP.C2GM.GNL.PNT.UCTL,G,*,G,*,GPB---,**,**,X,SUBSURFACECONTROLSTATION
TACGRP.C2GM.GNL.PNT.UCTL.UUV,G,*,G,*,GPBU--,**,**,X,UNMANNEDUNDERWATERVEHICLE(UUV)CONTROLSTATION
TACGRP.C2GM.GNL.PNT.UCTL.UUV.ASW,G,*,G,*,GPBUA-,**,**,X,UUV-ANTISUBMARINEWARFARECONTROLSTATION
TACGRP.C2GM.GNL.PNT.UCTL.UUV.SUW,G,*,G,*,GPBUS-,**,**,X,UUV-SURFACEWARFARECONTROLSTATION
TACGRP.C2GM.GNL.PNT.UCTL.UUV.MIW,G,*,G,*,GPBUM-,**,**,X,UUV-MINEWARFARECONTROLSTATION
TACGRP.C2GM.GNL.PNT.UCTL.SBSTN,G,*,G,*,GPBS--,**,**,X,SUBMARINECONTROLSTATION
TACGRP.C2GM.GNL.PNT.UCTL.SBSTN.ASW,G,*,G,*,GPBSA-,**,**,X,ASWSUBMARINECONTROLSTATION
TACGRP.C2GM.GNL.LNE,G,*,G,*,GL----,**,**,X,LINES
TACGRP.C2GM.GNL.LNE.BNDS,G,*,G,*,GLB---,**,**,X,BOUNDARIES
TACGRP.C2GM.GNL.LNE.FLOT,G,*,G,*,GLF---,**,**,X,FORWARDLINEOFOWNTROOPS(FLOT)
TACGRP.C2GM.GNL.LNE.LOC,G,*,G,*,GLC---,**,**,X,LINEOFCONTACT
TACGRP.C2GM.GNL.LNE.PHELNE,G,*,G,*,GLP---,**,**,X,PHASELINE
TACGRP.C2GM.GNL.LNE.LITLNE,G,*,G,*,GLL---,**,**,X,LIGHTLINE
TACGRP.C2GM.GNL.ARS,G,*,G,*,GA----,**,**,X,AREAS
TACGRP.C2GM.GNL.ARS.GENARA,G,*,G,*,GAG---,**,**,X,GENERALAREA
TACGRP.C2GM.GNL.ARS.ABYARA,G,*,G,*,GAA---,**,**,X,ASSEMBLYAREA
TACGRP.C2GM.GNL.ARS.EMTARA,G,*,G,*,GAE---,**,**,X,ENGAGEMENTAREA
TACGRP.C2GM.GNL.ARS.FTFDAR,G,*,G,*,GAF---,**,**,X,FORTIFIEDAREA
TACGRP.C2GM.GNL.ARS.DRPZ,G,*,G,*,GAD---,**,**,X,DROPZONE
TACGRP.C2GM.GNL.ARS.EZ,G,*,G,*,GAX---,**,**,X,EXTRACTIONZONE(EZ)
TACGRP.C2GM.GNL.ARS.LZ,G,*,G,*,GAL---,**,**,X,LANDINGZONE(LZ)
TACGRP.C2GM.GNL.ARS.PZ,G,*,G,*,GAP---,**,**,X,PICKUPZONE(PZ)
TACGRP.C2GM.GNL.ARS.SRHARA,G,*,G,*,GAS---,**,**,X,SEARCHAREA/RECONNAISSANCEAREA
TACGRP.C2GM.GNL.ARS.LAARA,G,*,G,*,GAY---,**,**,X,LIMITEDACCESSAREA
TACGRP.C2GM.GNL.ARS.AIRFZ,G,*,G,*,GAZ---,**,**,X,AIRFIELDZONE
TACGRP.C2GM.AVN,G,*,G,*,A-----,**,**,X,AVIATION
TACGRP.C2GM.AVN.PNT,G,*,G,*,AP----,**,**,X,POINTS
TACGRP.C2GM.AVN.PNT.ACP,G,*,G,*,APP---,**,**,X,AIRCONTROLPOINT(ACP)
TACGRP.C2GM.AVN.PNT.COMMCP,G,*,G,*,APC---,**,**,X,COMMUNICATIONSCHECKPOINT(CCP)
TACGRP.C2GM.AVN.PNT.PUP,G,*,G,*,APU---,**,**,X,PULL-UPPOINT(PUP)
TACGRP.C2GM.AVN.PNT.DAPP,G,*,G,*,APD---,**,**,X,DOWNEDAIRCREWPICKUPPOINT
TACGRP.C2GM.AVN.LNE,G,*,G,*,AL----,**,**,X,LINES
TACGRP.C2GM.AVN.LNE.ACDR,G,*,G,*,ALC---,**,**,X,AIRCORRIDOR
TACGRP.C2GM.AVN.LNE.MRR,G,*,G,*,ALM---,**,**,X,MINIMUMRISKROUTE(MRR)
TACGRP.C2GM.AVN.LNE.SAAFR,G,*,G,*,ALS---,**,**,X,STANDARD-USEARMYAIRCRAFTFLIGHTROUTE(SAAFR)
TACGRP.C2GM.AVN.LNE.UAR,G,*,G,*,ALU---,**,**,X,UNMANNEDAIRCRAFT(UA)ROUTE
TACGRP.C2GM.AVN.LNE.LLTR,G,*,G,*,ALL---,**,**,X,LOWLEVELTRANSITROUTE(LLTR)
TACGRP.C2GM.AVN.ARS,G,*,G,*,AA----,**,**,X,AREAS
TACGRP.C2GM.AVN.ARS.ROZ,G,*,G,*,AAR---,**,**,X,RESTRICTEDOPERATIONSZONE(ROZ)
TACGRP.C2GM.AVN.ARS.SHRDEZ,G,*,G,*,AAF---,**,**,X,SHORT-RANGEAIRDEFENSEENGAGEMENTZONE(SHORADEZ)
TACGRP.C2GM.AVN.ARS.HIDACZ,G,*,G,*,AAH---,**,**,X,HIGHDENSITYAIRSPACECONTROLZONE(HIDACZ)
TACGRP.C2GM.AVN.ARS.MEZ,G,*,G,*,AAM---,**,**,X,MISSILEENGAGEMENTZONE(MEZ)
TACGRP.C2GM.AVN.ARS.MEZ.LAMEZ,G,*,G,*,AAML--,**,**,X,LOWALTITUDEMEZ
TACGRP.C2GM.AVN.ARS.MEZ.HAMEZ,G,*,G,*,AAMH--,**,**,X,HIGHALTITUDEMEZ
TACGRP.C2GM.AVN.ARS.WFZ,G,*,G,*,AAW---,**,**,X,WEAPONSFREEZONE
TACGRP.C2GM.DCPN,G,*,G,*,P-----,**,**,X,DECEPTION
TACGRP.C2GM.DCPN.DMY,G,*,G,*,PD----,**,**,X,DUMMY(DECEPTION/DECOY)
TACGRP.C2GM.DCPN.AAFF,G,*,G,*,PA----,**,**,X,AXISOFADVANCEFORFEINT
TACGRP.C2GM.DCPN.DAFF,G,*,G,*,PF----,**,**,X,DIRECTIONOFATTACKFORFEINT
TACGRP.C2GM.DCPN.DMA,G,*,G,*,PM----,**,**,X,DECOYMINEDAREA
TACGRP.C2GM.DCPN.DMAF,G,*,G,*,PY----,**,**,X,DECOYMINEDAREA,FENCED
TACGRP.C2GM.DCPN.DMYMS,G,*,G,*,PN----,**,**,X,DUMMYMINEFIELD(STATIC)
TACGRP.C2GM.DCPN.DMYMD,G,*,G,*,PC----,**,**,X,DUMMYMINEFIELD(DYNAMIC)
TACGRP.C2GM.DEF,G,*,G,*,D-----,**,**,X,DEFENSE
TACGRP.C2GM.DEF.PNT,G,*,G,*,DP----,**,**,X,POINTS
TACGRP.C2GM.DEF.PNT.TGTREF,G,*,G,*,DPT---,**,**,X,TARGETREFERENCEPOINT(TRP)
TACGRP.C2GM.DEF.PNT.OBSPST,G,*,G,*,DPO---,**,**,X,OBSERVATIONPOST/OUTPOST
TACGRP.C2GM.DEF.PNT.OBSPST.CBTPST,G,*,G,*,DPOC--,**,**,X,COMBATOUTPOST
TACGRP.C2GM.DEF.PNT.OBSPST.RECON,G,*,G,*,DPOR--,**,**,X,OBSERVATIONPOSTOCCUPIEDBYDISMOUNTEDSCOUTSORRECONNAISSANCE
TACGRP.C2GM.DEF.PNT.OBSPST.FWDOP,G,*,G,*,DPOF--,**,**,X,FORWARDOBSERVERPOSITION
TACGRP.C2GM.DEF.PNT.OBSPST.SOP,G,*,G,*,DPOS--,**,**,X,SENSOROUTPOST/LISTENINGPOST(OP/LP)
TACGRP.C2GM.DEF.PNT.OBSPST.CBRNOP,G,*,G,*,DPON--,**,**,X,CBRNOBSERVATIONPOST(DISMOUNTED)
TACGRP.C2GM.DEF.LNE,G,*,G,*,DL----,**,**,X,LINES
TACGRP.C2GM.DEF.LNE.FEBA,G,*,G,*,DLF---,**,**,X,FORWARDEDGEOFBATTLEAREA(FEBA)
TACGRP.C2GM.DEF.LNE.PDF,G,*,G,*,DLP---,**,**,X,PRINCIPALDIRECTIONOFFIRE(PDF)
TACGRP.C2GM.DEF.ARS,G,*,G,*,DA----,**,**,X,AREAS
TACGRP.C2GM.DEF.ARS.BTLPSN,G,*,G,*,DAB---,**,**,X,BATTLEPOSITION
TACGRP.C2GM.DEF.ARS.BTLPSN.PBNO,G,*,G,*,DABP--,**,**,X,PREPAREDBUTNOTOCCUPIED
TACGRP.C2GM.DEF.ARS.EMTARA,G,*,G,*,DAE---,**,**,X,ENGAGEMENTAREA
TACGRP.C2GM.OFF,G,*,G,*,O-----,**,**,X,OFFENSE
TACGRP.C2GM.OFF.PNT,G,*,G,*,OP----,**,**,X,POINTS
TACGRP.C2GM.OFF.PNT.PNTD,G,*,G,*,OPP---,**,**,X,POINTOFDEPARTURE
TACGRP.C2GM.OFF.LNE,G,*,G,*,OL----,**,**,X,LINES
TACGRP.C2GM.OFF.LNE.AXSADV,G,*,G,*,OLA---,**,**,X,AXISOFADVANCE
TACGRP.C2GM.OFF.LNE.AXSADV.AVN,G,*,G,*,OLAV--,**,**,X,AVIATION
TACGRP.C2GM.OFF.LNE.AXSADV.ABN,G,*,G,*,OLAA--,**,**,X,AIRBORNE
TACGRP.C2GM.OFF.LNE.AXSADV.ATK,G,*,G,*,OLAR--,**,**,X,ATTACK,ROTARYWING
TACGRP.C2GM.OFF.LNE.AXSADV.GRD,G,*,G,*,OLAG--,**,**,X,GROUND
TACGRP.C2GM.OFF.LNE.AXSADV.GRD.MANATK,G,*,G,*,OLAGM-,**,**,X,MAINATTACK
TACGRP.C2GM.OFF.LNE.AXSADV.GRD.SUPATK,G,*,G,*,OLAGS-,**,**,X,SUPPORTINGATTACK
TACGRP.C2GM.OFF.LNE.DIRATK,G,*,G,*,OLK---,**,**,X,DIRECTIONOFATTACK
TACGRP.C2GM.OFF.LNE.DIRATK.AVN,G,*,G,*,OLKA--,**,**,X,AVIATION
TACGRP.C2GM.OFF.LNE.DIRATK.GRD,G,*,G,*,OLKG--,**,**,X,GROUND
TACGRP.C2GM.OFF.LNE.DIRATK.GRD.MANATK,G,*,G,*,OLKGM-,**,**,X,MAINATTACK
TACGRP.C2GM.OFF.LNE.DIRATK.GRD.SUPATK,G,*,G,*,OLKGS-,**,**,X,SUPPORTINGATTACK
TACGRP.C2GM.OFF.LNE.FCL,G,*,G,*,OLF---,**,**,X,FINALCOORDINATIONLINE
TACGRP.C2GM.OFF.LNE.INFNLE,G,*,G,*,OLI---,**,**,X,INFILTRATIONLANE
TACGRP.C2GM.OFF.LNE.LMTADV,G,*,G,*,OLL---,**,**,X,LIMITOFADVANCE
TACGRP.C2GM.OFF.LNE.LD,G,*,G,*,OLT---,**,**,X,LINEOFDEPARTURE
TACGRP.C2GM.OFF.LNE.LDLC,G,*,G,*,OLC---,**,**,X,LINEOFDEPARTURE/LINEOFCONTACT(LD/LC)
TACGRP.C2GM.OFF.LNE.PLD,G,*,G,*,OLP---,**,**,X,PROBABLELINEOFDEPLOYMENT(PLD)
TACGRP.C2GM.OFF.ARS,G,*,G,*,OA----,**,**,X,AREAS
TACGRP.C2GM.OFF.ARS.ASTPSN,G,*,G,*,OAA---,**,**,X,ASSAULTPOSITION
TACGRP.C2GM.OFF.ARS.ATKPSN,G,*,G,*,OAK---,**,**,X,ATTACKPOSITION
TACGRP.C2GM.OFF.ARS.AFP,G,*,G,*,OAF---,**,**,X,ATTACKBYFIREPOSITION
TACGRP.C2GM.OFF.ARS.SFP,G,*,G,*,OAS---,**,**,X,SUPPORTBYFIREPOSITION
TACGRP.C2GM.OFF.ARS.OBJ,G,*,G,*,OAO---,**,**,X,OBJECTIVE
TACGRP.C2GM.OFF.ARS.PBX,G,*,G,*,OAP---,**,**,X,PENETRATIONBOX
TACGRP.C2GM.SPL,G,*,G,*,S-----,**,**,X,SPECIAL
TACGRP.C2GM.SPL.LNE,G,*,G,*,SL----,**,**,X,LINE
TACGRP.C2GM.SPL.LNE.AMB,G,*,G,*,SLA---,**,**,X,AMBUSH
TACGRP.C2GM.SPL.LNE.HGL,G,*,G,*,SLH---,**,**,X,HOLDINGLINE
TACGRP.C2GM.SPL.LNE.REL,G,*,G,*,SLR---,**,**,X,RELEASELINE
TACGRP.C2GM.SPL.LNE.BRGH,G,*,G,*,SLB---,**,**,X,BRIDGEHEAD
TACGRP.C2GM.SPL.ARA,G,*,G,*,SA----,**,**,X,AREA
TACGRP.C2GM.SPL.ARA.AOO,G,*,G,*,SAO---,**,**,X,AREAOFOPERATIONS(AO)
TACGRP.C2GM.SPL.ARA.AHD,G,*,G,*,SAA---,**,**,X,AIRHEAD
TACGRP.C2GM.SPL.ARA.ENCMT,G,*,G,*,SAE---,**,**,X,ENCIRCLEMENT
TACGRP.C2GM.SPL.ARA.NAI,G,*,G,*,SAN---,**,**,X,NAMEDAREAOFINTEREST(NAI)
TACGRP.C2GM.SPL.ARA.TAI,G,*,G,*,SAT---,**,**,X,TARGETEDAREAOFINTEREST(TAI)
TACGRP.MOBSU,G,*,M,*,------,**,**,X,MOBILITY/SURVIVABILITY
TACGRP.MOBSU.OBST,G,*,M,*,O-----,**,**,X,OBSTACLES
TACGRP.MOBSU.OBST.GNL,G,*,M,*,OG----,**,**,X,GENERAL
TACGRP.MOBSU.OBST.GNL.BLT,G,*,M,*,OGB---,**,**,X,BELT
TACGRP.MOBSU.OBST.GNL.LNE,G,*,M,*,OGL---,**,**,X,LINE
TACGRP.MOBSU.OBST.GNL.Z,G,*,M,*,OGZ---,**,**,X,ZONE
TACGRP.MOBSU.OBST.GNL.OFA,G,*,M,*,OGF---,**,**,X,OBSTACLEFREEAREA
TACGRP.MOBSU.OBST.GNL.ORA,G,*,M,*,OGR---,**,**,X,OBSTACLERESTRICTEDAREA
TACGRP.MOBSU.OBST.ABS,G,*,M,*,OS----,**,**,X,ABATIS
TACGRP.MOBSU.OBST.ATO,G,*,M,*,OA----,**,**,X,ANTITANKOBSTACLES
TACGRP.MOBSU.OBST.ATO.ATD,G,*,M,*,OAD---,**,**,X,ANTITANKDITCH
TACGRP.MOBSU.OBST.ATO.ATD.ATDUC,G,*,M,*,OADU--,**,**,X,UNDERCONSTRUCTION
TACGRP.MOBSU.OBST.ATO.ATD.ATDC,G,*,M,*,OADC--,**,**,X,COMPLETE
TACGRP.MOBSU.OBST.ATO.ATDATM,G,*,M,*,OAR---,**,**,X,ANTITANKDITCHREINFORCEDWITHANTITANKMINES
TACGRP.MOBSU.OBST.ATO.TDTSM,G,*,M,*,OAO---,**,**,X,ANTITANKOBSTACLES:TETRAHEDRONS,DRAGONSTEETH,ANDOTHERSIMILAROBSTACLES
TACGRP.MOBSU.OBST.ATO.TDTSM.FIXPFD,G,*,M,*,OAOF--,**,**,X,FIXEDANDPREFABRICATED
TACGRP.MOBSU.OBST.ATO.TDTSM.MVB,G,*,M,*,OAOM--,**,**,X,MOVEABLE
TACGRP.MOBSU.OBST.ATO.TDTSM.MVBPFD,G,*,M,*,OAOP--,**,**,X,MOVEABLEANDPREFABRICATED
TACGRP.MOBSU.OBST.ATO.ATW,G,*,M,*,OAW---,**,**,X,ANTITANKWALL
TACGRP.MOBSU.OBST.BBY,G,*,M,*,OB----,**,**,X,BOOBYTRAP
TACGRP.MOBSU.OBST.MNE,G,*,M,*,OM----,**,**,X,MINES
TACGRP.MOBSU.OBST.MNE.USPMNE,G,*,M,*,OMU---,**,**,X,UNSPECIFIEDMINE
TACGRP.MOBSU.OBST.MNE.ATMNE,G,*,M,*,OMT---,**,**,X,ANTITANKMINE(AT)
TACGRP.MOBSU.OBST.MNE.ATMAHD,G,*,M,*,OMD---,**,**,X,ANTITANKMINEWITHANTIHANDLINGDEVICE
TACGRP.MOBSU.OBST.MNE.ATMDIR,G,*,M,*,OME---,**,**,X,ANTITANKMINE(DIRECTIONAL)
TACGRP.MOBSU.OBST.MNE.APMNE,G,*,M,*,OMP---,**,**,X,ANTIPERSONNEL(AP)MINES
TACGRP.MOBSU.OBST.MNE.WAMNE,G,*,M,*,OMW---,**,**,X,WIDEAREAMINES
TACGRP.MOBSU.OBST.MNE.MCLST,G,*,M,*,OMC---,**,**,X,MINECLUSTER
TACGRP.MOBSU.OBST.MNEFLD,G,*,M,*,OF----,**,**,X,MINEFIELDS
TACGRP.MOBSU.OBST.MNEFLD.STC,G,*,M,*,OFS---,**,**,X,STATICDEPICTION
TACGRP.MOBSU.OBST.MNEFLD.DYN,G,*,M,*,OFD---,**,**,X,DYNAMICDEPICTION
TACGRP.MOBSU.OBST.MNEFLD.GAP,G,*,M,*,OFG---,**,**,X,GAP
TACGRP.MOBSU.OBST.MNEFLD.MNDARA,G,*,M,*,OFA---,**,**,X,MINEDAREA
TACGRP.MOBSU.OBST.OBSEFT,G,*,M,*,OE----,**,**,X,OBSTACLEEFFECT
TACGRP.MOBSU.OBST.OBSEFT.BLK,G,*,M,*,OEB---,**,**,X,BLOCK
TACGRP.MOBSU.OBST.OBSEFT.FIX,G,*,M,*,OEF---,**,**,X,FIX
TACGRP.MOBSU.OBST.OBSEFT.TUR,G,*,M,*,OET---,**,**,X,TURN
TACGRP.MOBSU.OBST.OBSEFT.DRT,G,*,M,*,OED---,**,**,X,DISRUPT
TACGRP.MOBSU.OBST.UXO,G,*,M,*,OU----,**,**,X,UNEXPLODEDORDNANCEAREA(UXO)
TACGRP.MOBSU.OBST.RCBB,G,*,M,*,OR----,**,**,X,ROADBLOCKS,CRATERS,ANDBLOWNBRIDGES
TACGRP.MOBSU.OBST.RCBB.PLND,G,*,M,*,ORP---,**,**,X,PLANNED
TACGRP.MOBSU.OBST.RCBB.SAFE,G,*,M,*,ORS---,**,**,X,EXPLOSIVES,STATEOFREADINESS1(SAFE)
TACGRP.MOBSU.OBST.RCBB.ABP,G,*,M,*,ORA---,**,**,X,EXPLOSIVES,STATEOFREADINESS2(ARMED-BUTPASSABLE)
TACGRP.MOBSU.OBST.RCBB.EXCD,G,*,M,*,ORC---,**,**,X,ROADBLOCKCOMPLETE(EXECUTED)
TACGRP.MOBSU.OBST.TRIPWR,G,*,M,*,OT----,**,**,X,TRIPWIRE
TACGRP.MOBSU.OBST.WREOBS,G,*,M,*,OW----,**,**,X,WIREOBSTACLE
TACGRP.MOBSU.OBST.WREOBS.USP,G,*,M,*,OWU---,**,**,X,UNSPECIFIED
TACGRP.MOBSU.OBST.WREOBS.SNGFNC,G,*,M,*,OWS---,**,**,X,SINGLEFENCE
TACGRP.MOBSU.OBST.WREOBS.DBLFNC,G,*,M,*,OWD---,**,**,X,DOUBLEFENCE
TACGRP.MOBSU.OBST.WREOBS.DAFNC,G,*,M,*,OWA---,**,**,X,DOUBLEAPRONFENCE
TACGRP.MOBSU.OBST.WREOBS.LWFNC,G,*,M,*,OWL---,**,**,X,LOWWIREFENCE
TACGRP.MOBSU.OBST.WREOBS.HWFNC,G,*,M,*,OWH---,**,**,X,HIGHWIREFENCE
TACGRP.MOBSU.OBST.WREOBS.CCTA,G,*,M,*,OWC---,**,**,X,CONCERTINA
TACGRP.MOBSU.OBST.WREOBS.CCTA.SNG,G,*,M,*,OWCS--,**,**,X,SINGLECONCERTINA
TACGRP.MOBSU.OBST.WREOBS.CCTA.DBLSTD,G,*,M,*,OWCD--,**,**,X,DOUBLESTRANDCONCERTINA
TACGRP.MOBSU.OBST.WREOBS.CCTA.TRISTD,G,*,M,*,OWCT--,**,**,X,TRIPLESTRANDCONCERTINA
TACGRP.MOBSU.OBST.AVN,G,*,M,*,OH----,**,**,X,AVIATION
TACGRP.MOBSU.OBST.AVN.TWR,G,*,M,*,OHT---,**,**,X,TOWER
TACGRP.MOBSU.OBST.AVN.TWR.LOW,G,*,M,*,OHTL--,**,**,X,LOW
TACGRP.MOBSU.OBST.AVN.TWR.HIGH,G,*,M,*,OHTH--,**,**,X,HIGH
TACGRP.MOBSU.OBST.AVN.OHWIRE,G,*,M,*,OHO---,**,**,X,OVERHEADWIRE/POWERLINE
TACGRP.MOBSU.OBSTBP,G,*,M,*,B-----,**,**,X,OBSTACLEBYPASS
TACGRP.MOBSU.OBSTBP.DFTY,G,*,M,*,BD----,**,**,X,OBSTACLEBYPASSDIFFICULTY
TACGRP.MOBSU.OBSTBP.DFTY.ESY,G,*,M,*,BDE---,**,**,X,BYPASSEASY
TACGRP.MOBSU.OBSTBP.DFTY.DFT,G,*,M,*,BDD---,**,**,X,BYPASSDIFFICULT
TACGRP.MOBSU.OBSTBP.DFTY.IMP,G,*,M,*,BDI---,**,**,X,BYPASSIMPOSSIBLE
TACGRP.MOBSU.OBSTBP.CSGSTE,G,*,M,*,BC----,**,**,X,CROSSINGSITE/WATERCROSSING
TACGRP.MOBSU.OBSTBP.CSGSTE.ASTCA,G,*,M,*,BCA---,**,**,X,ASSAULTCROSSINGAREA
TACGRP.MOBSU.OBSTBP.CSGSTE.BRG,G,*,M,*,BCB---,**,**,X,BRIDGEORGAP
TACGRP.MOBSU.OBSTBP.CSGSTE.FRY,G,*,M,*,BCF---,**,**,X,FERRY
TACGRP.MOBSU.OBSTBP.CSGSTE.FRDESY,G,*,M,*,BCE---,**,**,X,FORDEASY
TACGRP.MOBSU.OBSTBP.CSGSTE.FRDDFT,G,*,M,*,BCD---,**,**,X,FORDDIFFICULT
TACGRP.MOBSU.OBSTBP.CSGSTE.LANE,G,*,M,*,BCL---,**,**,X,LANE
TACGRP.MOBSU.OBSTBP.CSGSTE.RFT,G,*,M,*,BCR---,**,**,X,RAFTSITE
TACGRP.MOBSU.OBSTBP.CSGSTE.ERP,G,*,M,*,BCP---,**,**,X,ENGINEERREGULATINGPOINT
TACGRP.MOBSU.SU,G,*,M,*,S-----,**,**,X,SURVIVABILITY
TACGRP.MOBSU.SU.ESTOF,G,*,M,*,SE----,**,**,X,EARTHWORK,SMALLTRENCHORFORTIFICATION
TACGRP.MOBSU.SU.FRT,G,*,M,*,SF----,**,**,X,FORT
TACGRP.MOBSU.SU.FTFDLN,G,*,M,*,SL----,**,**,X,FORTIFIEDLINE
TACGRP.MOBSU.SU.FEWS,G,*,M,*,SW----,**,**,X,FOXHOLE,EMPLACEMENTORWEAPONSITE
TACGRP.MOBSU.SU.STRGPT,G,*,M,*,SP----,**,**,X,STRONGPOINT
TACGRP.MOBSU.SU.SUFSHL,G,*,M,*,SS----,**,**,X,SURFACESHELTER
TACGRP.MOBSU.SU.UGDSHL,G,*,M,*,SU----,**,**,X,UNDERGROUNDSHELTER
TACGRP.MOBSU.CBRN,G,*,M,*,N-----,**,**,X,CHEMICAL,BIOLOGICAL,RADIOLOGICAL,ANDNUCLEAR
TACGRP.MOBSU.CBRN.MSDZ,G,*,M,*,NM----,**,**,X,MINIMUMSAFEDISTANCEZONES
TACGRP.MOBSU.CBRN.NDGZ,G,*,M,*,NZ----,**,**,X,NUCLEARDETONATIONSGROUNDZERO
TACGRP.MOBSU.CBRN.FAOTP,G,*,M,*,NF----,**,**,X,FALLOUTPRODUCING
TACGRP.MOBSU.CBRN.RADA,G,*,M,*,NR----,**,**,X,RADIOACTIVEAREA
TACGRP.MOBSU.CBRN.BIOCA,G,*,M,*,NB----,**,**,X,BIOLOGICALLYCONTAMINATEDAREA
TACGRP.MOBSU.CBRN.CMLCA,G,*,M,*,NC----,**,**,X,CHEMICALLYCONTAMINATEDAREA
TACGRP.MOBSU.CBRN.REEVNT,G,*,M,*,NE----,**,**,X,RELEASEEVENTS
TACGRP.MOBSU.CBRN.REEVNT.BIO,G,*,M,*,NEB---,**,**,X,BIOLOGICAL
TACGRP.MOBSU.CBRN.REEVNT.CML,G,*,M,*,NEC---,**,**,X,CHEMICAL
TACGRP.MOBSU.CBRN.DECONP,G,*,M,*,ND----,**,**,X,DECONTAMINATION(DECON)POINTS
TACGRP.MOBSU.CBRN.DECONP.USP,G,*,M,*,NDP---,**,**,X,DECONSITE/POINT(UNSPECIFIED)
TACGRP.MOBSU.CBRN.DECONP.ALTUSP,G,*,M,*,NDA---,**,**,X,ALTERNATEDECONSITE/POINT(UNSPECIFIED)
TACGRP.MOBSU.CBRN.DECONP.TRP,G,*,M,*,NDT---,**,**,X,DECONSITE/POINT(TROOPS)
TACGRP.MOBSU.CBRN.DECONP.EQT,G,*,M,*,NDE---,**,**,X,DECONSITE/POINT(EQUIPMENT)
TACGRP.MOBSU.CBRN.DECONP.EQTTRP,G,*,M,*,NDB---,**,**,X,DECONSITE/POINT(EQUIPMENTANDTROOPS)
TACGRP.MOBSU.CBRN.DECONP.OPDECN,G,*,M,*,NDO---,**,**,X,DECONSITE/POINT(OPERATIONALDECONTAMINATION)
TACGRP.MOBSU.CBRN.DECONP.TRGH,G,*,M,*,NDD---,**,**,X,DECONSITE/POINT(THOROUGHDECONTAMINATION)
TACGRP.MOBSU.CBRN.DRCL,G,*,M,*,NL----,**,**,X,DOSERATECONTOURLINES
TACGRP.FSUPP,G,*,F,*,------,**,**,X,FIRESUPPORT
TACGRP.FSUPP.PNT,G,*,F,*,P-----,**,**,X,POINT
TACGRP.FSUPP.PNT.TGT,G,*,F,*,PT----,**,**,X,TARGET
TACGRP.FSUPP.PNT.TGT.PTGT,G,*,F,*,PTS---,**,**,X,POINT/SINGLETARGET
TACGRP.FSUPP.PNT.TGT.NUCTGT,G,*,F,*,PTN---,**,**,X,NUCLEARTARGET
TACGRP.FSUPP.PNT.C2PNT,G,*,F,*,PC----,**,**,X,COMMAND&CONTROLPOINTS
TACGRP.FSUPP.PNT.C2PNT.FSS,G,*,F,*,PCF---,**,**,X,FIRESUPPORTSTATION
TACGRP.FSUPP.PNT.C2PNT.SCP,G,*,F,*,PCS---,**,**,X,SURVEYCONTROLPOINT
TACGRP.FSUPP.PNT.C2PNT.FP,G,*,F,*,PCB---,**,**,X,FIRINGPOINT
TACGRP.FSUPP.PNT.C2PNT.RP,G,*,F,*,PCR---,**,**,X,RELOADPOINT
TACGRP.FSUPP.PNT.C2PNT.HP,G,*,F,*,PCH---,**,**,X,HIDEPOINT
TACGRP.FSUPP.PNT.C2PNT.LP,G,*,F,*,PCL---,**,**,X,LAUNCHPOINT
TACGRP.FSUPP.LNE,G,*,F,*,L-----,**,**,X,LINES
TACGRP.FSUPP.LNE.LNRTGT,G,*,F,*,LT----,**,**,X,LINEARTARGET
TACGRP.FSUPP.LNE.LNRTGT.LSTGT,G,*,F,*,LTS---,**,**,X,LINEARSMOKETARGET
TACGRP.FSUPP.LNE.LNRTGT.FPF,G,*,F,*,LTF---,**,**,X,FINALPROTECTIVEFIRE(FPF)
TACGRP.FSUPP.LNE.C2LNE,G,*,F,*,LC----,**,**,X,COMMAND&CONTROLLINES
TACGRP.FSUPP.LNE.C2LNE.FSCL,G,*,F,*,LCF---,**,**,X,FIRESUPPORTCOORDINATIONLINE(FSCL)
TACGRP.FSUPP.LNE.C2LNE.CFL,G,*,F,*,LCC---,**,**,X,COORDINATEDFIRELINE(CFL)
TACGRP.FSUPP.LNE.C2LNE.NFL,G,*,F,*,LCN---,**,**,X,NO-FIRELINE(NFL)
TACGRP.FSUPP.LNE.C2LNE.RFL,G,*,F,*,LCR---,**,**,X,RESTRICTIVEFIRELINE(RFL)
TACGRP.FSUPP.LNE.C2LNE.MFP,G,*,F,*,LCM---,**,**,X,MUNITIONFLIGHTPATH(MFP)
TACGRP.FSUPP.ARS,G,*,F,*,A-----,**,**,X,AREAS
TACGRP.FSUPP.ARS.ARATGT,G,*,F,*,AT----,**,**,X,AREATARGET
TACGRP.FSUPP.ARS.ARATGT.RTGTGT,G,*,F,*,ATR---,**,**,X,RECTANGULARTARGET
TACGRP.FSUPP.ARS.ARATGT.CIRTGT,G,*,F,*,ATC---,**,**,X,CIRCULARTARGET
TACGRP.FSUPP.ARS.ARATGT.SGTGT,G,*,F,*,ATG---,**,**,X,SERIESORGROUPOFTARGETS
TACGRP.FSUPP.ARS.ARATGT.SMK,G,*,F,*,ATS---,**,**,X,SMOKE
TACGRP.FSUPP.ARS.ARATGT.BMARA,G,*,F,*,ATB---,**,**,X,BOMBAREA
TACGRP.FSUPP.ARS.C2ARS,G,*,F,*,AC----,**,**,X,COMMAND&CONTROLAREAS
TACGRP.FSUPP.ARS.C2ARS.FSA,G,*,F,*,ACS---,**,**,X,FIRESUPPORTAREA(FSA)
TACGRP.FSUPP.ARS.C2ARS.FSA.IRR,G,*,F,*,ACSI--,**,**,X,FIRESUPPORTAREA(FSA),IRREGULAR
TACGRP.FSUPP.ARS.C2ARS.FSA.RTG,G,*,F,*,ACSR--,**,**,X,FIRESUPPORTAREA(FSA),RECTANGULAR
TACGRP.FSUPP.ARS.C2ARS.FSA.CIRCLR,G,*,F,*,ACSC--,**,**,X,FIRESUPPORTAREA(FSA),CIRCULAR
TACGRP.FSUPP.ARS.C2ARS.ACA,G,*,F,*,ACA---,**,**,X,AIRSPACECOORDINATIONAREA(ACA)
TACGRP.FSUPP.ARS.C2ARS.ACA.IRR,G,*,F,*,ACAI--,**,**,X,AIRSPACECOORDINATIONAREA(ACA),IRREGULAR
TACGRP.FSUPP.ARS.C2ARS.ACA.RTG,G,*,F,*,ACAR--,**,**,X,AIRSPACECOORDINATIONAREA(ACA),RECTANGULAR
TACGRP.FSUPP.ARS.C2ARS.ACA.CIRCLR,G,*,F,*,ACAC--,**,**,X,AIRSPACECOORDINATIONAREA(ACA),CIRCULAR
TACGRP.FSUPP.ARS.C2ARS.FFA,G,*,F,*,ACF---,**,**,X,FREEFIREAREA(FFA)
TACGRP.FSUPP.ARS.C2ARS.FFA.IRR,G,*,F,*,ACFI--,**,**,X,FREEFIREAREA(FFA),IRREGULAR
TACGRP.FSUPP.ARS.C2ARS.FFA.RTG,G,*,F,*,ACFR--,**,**,X,FREEFIREAREA(FFA),RECTANGULAR
TACGRP.FSUPP.ARS.C2ARS.FFA.CIRCLR,G,*,F,*,ACFC--,**,**,X,FREEFIREAREA(FFA),CIRCULAR
TACGRP.FSUPP.ARS.C2ARS.NFA,G,*,F,*,ACN---,**,**,X,NO-FIREAREA(NFA)
TACGRP.FSUPP.ARS.C2ARS.NFA.IRR,G,*,F,*,ACNI--,**,**,X,NOFIREAREA(NFA),IRREGULAR
TACGRP.FSUPP.ARS.C2ARS.NFA.RTG,G,*,F,*,ACNR--,**,**,X,NOFIREAREA(NFA),RECTANGULAR
TACGRP.FSUPP.ARS.C2ARS.NFA.CIRCLR,G,*,F,*,ACNC--,**,**,X,NOFIREAREA(NFA),CIRCULAR
TACGRP.FSUPP.ARS.C2ARS.RFA,G,*,F,*,ACR---,**,**,X,RESTRICTIVEFIREAREA(RFA)
TACGRP.FSUPP.ARS.C2ARS.RFA.IRR,G,*,F,*,ACRI--,**,**,X,RESTRICTIVEFIREAREA(RFA),IRREGULAR
TACGRP.FSUPP.ARS.C2ARS.RFA.RTG,G,*,F,*,ACRR--,**,**,X,RESTRICTIVEFIREAREA(RFA),RECTANGULAR
TACGRP.FSUPP.ARS.C2ARS.RFA.CIRCLR,G,*,F,*,ACRC--,**,**,X,RESTRICTIVEFIREAREA(RFA),CIRCULAR
TACGRP.FSUPP.ARS.C2ARS.PAA,G,*,F,*,ACP---,**,**,X,POSITIONAREAFORARTILLERY(PAA)
TACGRP.FSUPP.ARS.C2ARS.PAA.RTG,G,*,F,*,ACPR--,**,**,X,POSITIONAREAFORARTILLERY(PAA),RECTANGULAR
TACGRP.FSUPP.ARS.C2ARS.PAA.CIRCLR,G,*,F,*,ACPC--,**,**,X,POSITIONAREAFORARTILLERY(PAA),CIRCULAR
TACGRP.FSUPP.ARS.C2ARS.SNSZ,G,*,F,*,ACE---,**,**,X,SENSORZONE
TACGRP.FSUPP.ARS.C2ARS.SNSZ.IRR,G,*,F,*,ACEI--,**,**,X,SENSORZONE,IRREGULAR
TACGRP.FSUPP.ARS.C2ARS.SNSZ.RTG,G,*,F,*,ACER--,**,**,X,SENSORZONE,RECTANGULAR
TACGRP.FSUPP.ARS.C2ARS.SNSZ.CIRCLR,G,*,F,*,ACEC--,**,**,X,SENSORZONE,CIRCULAR
TACGRP.FSUPP.ARS.C2ARS.DA,G,*,F,*,ACD---,**,**,X,DEADSPACEAREA(DA)
TACGRP.FSUPP.ARS.C2ARS.DA.IRR,G,*,F,*,ACDI--,**,**,X,DEADSPACEAREA(DA),IRREGULAR
TACGRP.FSUPP.ARS.C2ARS.DA.RTG,G,*,F,*,ACDR--,**,**,X,DEADSPACEAREA(DA),RECTANGULAR
TACGRP.FSUPP.ARS.C2ARS.DA.CIRCLR,G,*,F,*,ACDC--,**,**,X,DEADSPACEAREA(DA),CIRCULAR
TACGRP.FSUPP.ARS.C2ARS.ZOR,G,*,F,*,ACZ---,**,**,X,ZONEOFRESPONSIBILITY(ZOR)
TACGRP.FSUPP.ARS.C2ARS.ZOR.IRR,G,*,F,*,ACZI--,**,**,X,ZONEOFRESPONSIBILITY(ZOR),IRREGULAR
TACGRP.FSUPP.ARS.C2ARS.ZOR.RTG,G,*,F,*,ACZR--,**,**,X,ZONEOFRESPONSIBILITY(ZOR),RECTANGULAR
TACGRP.FSUPP.ARS.C2ARS.ZOR.CIRCLR,G,*,F,*,ACZC--,**,**,X,ZONEOFRESPONSIBILITY(ZOR),CIRCULAR
TACGRP.FSUPP.ARS.C2ARS.TBA,G,*,F,*,ACB---,**,**,X,TARGETBUILD-UPAREA(TBA)
TACGRP.FSUPP.ARS.C2ARS.TBA.IRR,G,*,F,*,ACBI--,**,**,X,TARGETBUILDUPAREA(TBA),IRREGULAR
TACGRP.FSUPP.ARS.C2ARS.TBA.RTG,G,*,F,*,ACBR--,**,**,X,TARGETBUILDUPAREA(TBA),RECTANGULAR
TACGRP.FSUPP.ARS.C2ARS.TBA.CIRCLR,G,*,F,*,ACBC--,**,**,X,TARGETBUILDUPAREA(TBA),CIRCULAR
TACGRP.FSUPP.ARS.C2ARS.TVAR,G,*,F,*,ACV---,**,**,X,TARGETVALUEAREA(TVAR)
TACGRP.FSUPP.ARS.C2ARS.TVAR.IRR,G,*,F,*,ACVI--,**,**,X,TARGETVALUEAREA(TVAR),IRREGULAR
TACGRP.FSUPP.ARS.C2ARS.TVAR.RTG,G,*,F,*,ACVR--,**,**,X,TARGETVALUEAREA(TVAR),RECTANGULAR
TACGRP.FSUPP.ARS.C2ARS.TVAR.CIRCLR,G,*,F,*,ACVC--,**,**,X,TARGETVALUEAREA(TVAR),CIRCULAR
TACGRP.FSUPP.ARS.C2ARS.TGMF,G,*,F,*,ACT---,**,**,X,TERMINALLYGUIDEDMUNITIONFOOTPRINT(TGMF)
TACGRP.FSUPP.ARS.TGTAQZ,G,*,F,*,AZ----,**,**,X,TARGETACQUISITIONZONES
TACGRP.FSUPP.ARS.TGTAQZ.ATIZ,G,*,F,*,AZI---,**,**,X,ARTILLERYTARGETINTELLIGENCE(ATI)ZONE
TACGRP.FSUPP.ARS.TGTAQZ.ATIZ.IRR,G,*,F,*,AZII--,**,**,X,ARTILLERYTARGETINTELLIGENCE(ATI)ZONE,IRREGULAR
TACGRP.FSUPP.ARS.TGTAQZ.ATIZ.RTG,G,*,F,*,AZIR--,**,**,X,ARTILLERYTARGETINTELLIGENCE(ATI)ZONE,RECTANGULAR
TACGRP.FSUPP.ARS.TGTAQZ.CFFZ,G,*,F,*,AZX---,**,**,X,CALLFORFIREZONE(CFFZ)
TACGRP.FSUPP.ARS.TGTAQZ.CFFZ.IRR,G,*,F,*,AZXI--,**,**,X,CALLFORFIREZONE(CFFZ),IRREGULAR
TACGRP.FSUPP.ARS.TGTAQZ.CFFZ.RTG,G,*,F,*,AZXR--,**,**,X,CALLFORFIREZONE(CFFZ),RECTANGULAR
TACGRP.FSUPP.ARS.TGTAQZ.CNS,G,*,F,*,AZC---,**,**,X,CENSORZONE
TACGRP.FSUPP.ARS.TGTAQZ.CNS.IRR,G,*,F,*,AZCI--,**,**,X,CENSORZONE,IRREGULAR
TACGRP.FSUPP.ARS.TGTAQZ.CNS.RTG,G,*,F,*,AZCR--,**,**,X,CENSORZONE,RECTANGULAR
TACGRP.FSUPP.ARS.TGTAQZ.CFZ,G,*,F,*,AZF---,**,**,X,CRITICALFRIENDLYZONE(CFZ)
TACGRP.FSUPP.ARS.TGTAQZ.CFZ.IRR,G,*,F,*,AZFI--,**,**,X,CRITICALFRIENDLYZONE(CFZ),IRREGULAR
TACGRP.FSUPP.ARS.TGTAQZ.CFZ.RTG,G,*,F,*,AZFR--,**,**,X,CRITICALFRIENDLYZONE(CFZ),RECTANGULAR
TACGRP.FSUPP.ARS.WPNRF,G,*,F,*,AX----,**,**,X,WEAPON/SENSORRANGEFANS
TACGRP.FSUPP.ARS.WPNRF.CIRCLR,G,*,F,*,AXC---,**,**,X,WEAPON/SENSORRANGEFAN,CIRCULAR
TACGRP.FSUPP.ARS.WPNRF.SCR,G,*,F,*,AXS---,**,**,X,WEAPON/SENSORRANGEFAN,SECTOR
TACGRP.FSUPP.ARS.KLBOX,G,*,F,*,AK----,**,**,X,KILLBOX
TACGRP.FSUPP.ARS.KLBOX.BLUE,G,*,F,*,AKB---,**,**,X,BLUEKILLBOX(BKB)
TACGRP.FSUPP.ARS.KLBOX.BLUE.CIRCLR,G,*,F,*,AKBC--,**,**,X,BLUEKILLBOX,CIRCULAR
TACGRP.FSUPP.ARS.KLBOX.BLUE.IRR,G,*,F,*,AKBI--,**,**,X,BLUEKILLBOX,IRREGULAR
TACGRP.FSUPP.ARS.KLBOX.BLUE.RTG,G,*,F,*,AKBR--,**,**,X,BLUEKILLBOX,RECTANGULAR
TACGRP.FSUPP.ARS.KLBOX.PURPLE,G,*,F,*,AKP---,**,**,X,PURPLEKILLBOX(PKB)
TACGRP.FSUPP.ARS.KLBOX.PURPLE.CIRCLR,G,*,F,*,AKPC--,**,**,X,PURPLEKILLBOX,CIRCULAR
TACGRP.FSUPP.ARS.KLBOX.PURPLE.IRR,G,*,F,*,AKPI--,**,**,X,PURPLEKILLBOX,IRREGULAR
TACGRP.FSUPP.ARS.KLBOX.PURPLE.RTG,G,*,F,*,AKPR--,**,**,X,PURPLEKILLBOX,RECTANGULAR
TACGRP.CSS,G,*,S,*,------,**,**,X,COMBATSERVICESUPPORT
TACGRP.CSS.PNT,G,*,S,*,P-----,**,**,X,POINTS
TACGRP.CSS.PNT.AEP,G,*,S,*,PX----,**,**,X,AMBULANCEEXCHANGEPOINT
TACGRP.CSS.PNT.CBNP,G,*,S,*,PC----,**,**,X,CANNIBALIZATIONPOINT
TACGRP.CSS.PNT.CCP,G,*,S,*,PY----,**,**,X,CASUALTYCOLLECTIONPOINT
TACGRP.CSS.PNT.CVP,G,*,S,*,PT----,**,**,X,CIVILIANCOLLECTIONPOINT
TACGRP.CSS.PNT.DCP,G,*,S,*,PD----,**,**,X,DETAINEECOLLECTIONPOINT
TACGRP.CSS.PNT.EPWCP,G,*,S,*,PE----,**,**,X,ENEMYPRISONEROFWAR(EPW)COLLECTIONPOINT
TACGRP.CSS.PNT.LRP,G,*,S,*,PL----,**,**,X,LOGISTICSRELEASEPOINT(LRP)
TACGRP.CSS.PNT.MCP,G,*,S,*,PM----,**,**,X,MAINTENANCECOLLECTIONPOINT
TACGRP.CSS.PNT.RRRP,G,*,S,*,PR----,**,**,X,REARM,REFUELANDRESUPPLYPOINT
TACGRP.CSS.PNT.ROM,G,*,S,*,PU----,**,**,X,REFUELONTHEMOVE(ROM)POINT
TACGRP.CSS.PNT.TCP,G,*,S,*,PO----,**,**,X,TRAFFICCONTROLPOST(TCP)
TACGRP.CSS.PNT.TTP,G,*,S,*,PI----,**,**,X,TRAILERTRANSFERPOINT
TACGRP.CSS.PNT.UMC,G,*,S,*,PN----,**,**,X,UNITMAINTENANCECOLLECTIONPOINT
TACGRP.CSS.PNT.SPT,G,*,S,*,PS----,**,**,X,SUPPLYPOINTS
TACGRP.CSS.PNT.SPT.GNL,G,*,S,*,PSZ---,**,**,X,GENERAL
TACGRP.CSS.PNT.SPT.CLS1,G,*,S,*,PSA---,**,**,X,CLASSI
TACGRP.CSS.PNT.SPT.CLS2,G,*,S,*,PSB---,**,**,X,CLASSII
TACGRP.CSS.PNT.SPT.CLS3,G,*,S,*,PSC---,**,**,X,CLASSIII
TACGRP.CSS.PNT.SPT.CLS4,G,*,S,*,PSD---,**,**,X,CLASSIV
TACGRP.CSS.PNT.SPT.CLS5,G,*,S,*,PSE---,**,**,X,CLASSV
TACGRP.CSS.PNT.SPT.CLS6,G,*,S,*,PSF---,**,**,X,CLASSVI
TACGRP.CSS.PNT.SPT.CLS7,G,*,S,*,PSG---,**,**,X,CLASSVII
TACGRP.CSS.PNT.SPT.CLS8,G,*,S,*,PSH---,**,**,X,CLASSVIII
TACGRP.CSS.PNT.SPT.CLS9,G,*,S,*,PSI---,**,**,X,CLASSIX
TACGRP.CSS.PNT.SPT.CLS10,G,*,S,*,PSJ---,**,**,X,CLASSX
TACGRP.CSS.PNT.AP,G,*,S,*,PA----,**,**,X,AMMUNITIONPOINTS
TACGRP.CSS.PNT.AP.ASP,G,*,S,*,PAS---,**,**,X,AMMUNITIONSUPPLYPOINT(ASP)
TACGRP.CSS.PNT.AP.ATP,G,*,S,*,PAT---,**,**,X,AMMUNITIONTRANSFERPOINT(ATP)
TACGRP.CSS.LNE,G,*,S,*,L-----,**,**,X,LINES
TACGRP.CSS.LNE.CNY,G,*,S,*,LC----,**,**,X,CONVOYS
TACGRP.CSS.LNE.CNY.MCNY,G,*,S,*,LCM---,**,**,X,MOVINGCONVOY
TACGRP.CSS.LNE.CNY.HCNY,G,*,S,*,LCH---,**,**,X,HALTEDCONVOY
TACGRP.CSS.LNE.SLPRUT,G,*,S,*,LR----,**,**,X,SUPPLYROUTES
TACGRP.CSS.LNE.SLPRUT.MSRUT,G,*,S,*,LRM---,**,**,X,MAINSUPPLYROUTE
TACGRP.CSS.LNE.SLPRUT.ASRUT,G,*,S,*,LRA---,**,**,X,ALTERNATESUPPLYROUTE
TACGRP.CSS.LNE.SLPRUT.1WTRFF,G,*,S,*,LRO---,**,**,X,ONE-WAYTRAFFIC
TACGRP.CSS.LNE.SLPRUT.ATRFF,G,*,S,*,LRT---,**,**,X,ALTERNATINGTRAFFIC
TACGRP.CSS.LNE.SLPRUT.2WTRFF,G,*,S,*,LRW---,**,**,X,TWO-WAYTRAFFIC
TACGRP.CSS.ARA,G,*,S,*,A-----,**,**,X,AREA
TACGRP.CSS.ARA.DHA,G,*,S,*,AD----,**,**,X,DETAINEEHOLDINGAREA
TACGRP.CSS.ARA.EPWHA,G,*,S,*,AE----,**,**,X,ENEMYPRISONEROFWAR(EPW)HOLDINGAREA
TACGRP.CSS.ARA.FARP,G,*,S,*,AR----,**,**,X,FORWARDARMINGANDREFUELINGAREA(FARP)
TACGRP.CSS.ARA.RHA,G,*,S,*,AH----,**,**,X,REFUGEEHOLDINGAREA
TACGRP.CSS.ARA.SUPARS,G,*,S,*,AS----,**,**,X,SUPPORTAREAS
TACGRP.CSS.ARA.SUPARS.BSA,G,*,S,*,ASB---,**,**,X,BRIGADE(BSA)
TACGRP.CSS.ARA.SUPARS.DSA,G,*,S,*,ASD---,**,**,X,DIVISION(DSA)
TACGRP.CSS.ARA.SUPARS.RSA,G,*,S,*,ASR---,**,**,X,REGIMENTAL(RSA)
TACGRP.OTH,G,*,O,*,------,**,**,X,OTHER
TACGRP.OTH.ER,G,*,O,*,E-----,**,**,X,EMERGENCY
TACGRP.OTH.ER.DTHAC,G,*,O,*,ED----,**,**,X,DITCHEDAIRCRAFT
TACGRP.OTH.ER.PIW,G,*,O,*,EP----,**,**,X,PERSONINWATER
TACGRP.OTH.ER.DSTVES,G,*,O,*,EV----,**,**,X,DISTRESSEDVESSEL
TACGRP.OTH.HAZ,G,*,O,*,H-----,**,**,X,HAZARD
TACGRP.OTH.HAZ.SML,G,*,O,*,HM----,**,**,X,SEAMINE-LIKE
TACGRP.OTH.HAZ.NVGL,G,*,O,*,HN----,**,**,X,NAVIGATIONAL
TACGRP.OTH.HAZ.IB,G,*,O,*,HI----,**,**,X,ICEBERG
TACGRP.OTH.HAZ.OLRG,G,*,O,*,HO----,**,**,X,OILRIG
TACGRP.OTH.SSUBSR,G,*,O,*,S-----,**,**,X,SEASUBSURFACERETURNS
TACGRP.OTH.SSUBSR.BTMRTN,G,*,O,*,SB----,**,**,X,BOTTOMRETURN/NON-MILCO
TACGRP.OTH.SSUBSR.BTMRTN.INS,G,*,O,*,SBM---,**,**,X,INSTALLATION/MANMADE
TACGRP.OTH.SSUBSR.BTMRTN.SBRSOO,G,*,O,*,SBN---,**,**,X,SEABEDROCK/STONE,OBSTACLE,OTHER
TACGRP.OTH.SSUBSR.BTMRTN.WRKND,G,*,O,*,SBW---,**,**,X,WRECK,NONDANGEROUS
TACGRP.OTH.SSUBSR.BTMRTN.WRKD,G,*,O,*,SBX---,**,**,X,WRECK,DANGEROUS
TACGRP.OTH.SSUBSR.MARLFE,G,*,O,*,SM----,**,**,X,MARINELIFE
TACGRP.OTH.SSUBSR.SA,G,*,O,*,SS----,**,**,X,SEAANOMALY(WAKE,CURRENT,KNUCKLE)
TACGRP.OTH.BERLNE,G,*,O,*,B-----,**,**,X,BEARINGLINE
TACGRP.OTH.BERLNE.ELC,G,*,O,*,BE----,**,**,X,ELECTRONIC
TACGRP.OTH.BERLNE.ACU,G,*,O,*,BA----,**,**,X,ACOUSTIC
TACGRP.OTH.BERLNE.TPD,G,*,O,*,BT----,**,**,X,TORPEDO
TACGRP.OTH.BERLNE.EOPI,G,*,O,*,BO----,**,**,X,ELECTRO-OPTICALINTERCEPT
TACGRP.OTH.FIX,G,*,O,*,F-----,**,**,X,FIX
TACGRP.OTH.FIX.ACU,G,*,O,*,FA----,**,**,X,ACOUSTIC
TACGRP.OTH.FIX.EM,G,*,O,*,FE----,**,**,X,ELECTRO-MAGNETIC
TACGRP.OTH.FIX.EOP,G,*,O,*,FO----,**,**,X,ELECTRO-OPTICAL
